x,y
0.0,0.6993428306022466
0.001000100010001,0.5750830637084595
0.002000200020002,0.7350007865061426
0.003000300030003,0.9127873329649707
0.004000400040004,0.5640599943788001
0.005000500050005001,0.5667635075454434
0.006000600060006,0.9321245108945699
0.0070007000700070005,0.7724506591521302
0.008000800080008,0.527741215913689
0.009000900090009001,0.732810993588121
0.010001000100010001,0.5342687479756828
0.011001100110011002,0.5364499454647089
0.012001200120012,0.6806221663577042
0.013001300130013,0.25219758363612754
0.014001400140014001,0.29248398986351914
0.015001500150015001,0.5276138763999118
0.016001600160016,0.44009878515053336
0.017001700170017002,0.708097802997393
0.018001800180018002,0.4662164483363773
0.019001900190019003,0.36792294945741305
0.020002000200020003,0.9460652689498464
0.021002100210021003,0.6103213797225482
0.022002200220022004,0.671512604906423
0.023002300230023004,0.3755767508815199
0.024002400240024,0.5541582681279343
0.025002500250025,0.6877166576242971
0.026002600260026,0.43781955382016247
0.027002700270027002,0.7456327070514264
0.028002800280028002,0.552828805668984
0.029002900290029002,0.6170697421546415
0.030003000300030003,0.557507528580186
0.031003100310031003,1.050733159824652
0.032003200320032,0.6799949656625017
0.033003300330033,0.4735572313824077
0.034003400340034004,0.8520014284041719
0.035003500350035,0.4457046707050726
0.036003600360036005,0.7340149042751418
0.037003700370037,0.3026646791845547
0.038003800380038005,0.4313056515344689
0.039003900390039,0.7386468093733732
0.040004000400040006,0.8492870277935012
0.041004100410041,0.7381738718325886
0.04200420042004201,0.683064322941136
0.043004300430043,0.6482541702954914
0.04400440044004401,0.41503851398357594
0.045004500450045004,0.5690290524869088
0.04600460046004601,0.6231120087055801
0.047004700470047005,0.9288928710003406
0.048004800480048,0.7884074485123603
0.049004900490049005,0.3692777345631001
0.05000500050005,0.7888910533189325
0.051005100510051006,0.6492327248662361
0.052005200520052,0.5930260394109127
0.05300530053005301,0.8528932024585123
0.054005400540054004,0.9388915111652404
0.05500550055005501,0.9210673596682383
0.056005600560056004,0.5690735384169274
0.05700570057005701,0.6771661643725426
0.058005800580058005,0.8073387231947331
0.05900590059005901,0.9382581726268803
0.060006000600060005,0.6493630352728978
0.06100610061006101,0.7101003613451846
0.062006200620062006,0.5279848871702517
0.063006300630063,0.5120156475876987
0.064006400640064,0.9157525065600152
0.06500650065006501,1.0264709112529604
0.066006600660066,0.742781553429587
0.067006700670067,0.9598358536871885
0.06800680068006801,0.8333871154872272
0.06900690069006901,0.633951452227763
0.07000700070007,0.8371547899713535
0.071007100710071,1.0743679381367626
0.07200720072007201,0.7614649809116396
0.07300730073007301,1.0834130098300507
0.074007400740074,0.24837379242241797
0.075007500750075,0.9385262123967906
0.07600760076007601,0.7933623067048686
0.07700770077007701,0.7179428077808333
0.078007800780078,0.7978719417918854
0.07900790079007901,0.38376555697186154
0.08000800080008001,0.7390884820246743
0.081008100810081,0.8561727818820419
0.082008200820082,1.0820402952996262
0.08300830083008301,0.6845023952554302
0.08400840084008401,0.6281363281911174
0.085008500850085,0.6911458312412909
0.086008600860086,0.9762233605625916
0.08700870087008701,0.8605222869629499
0.08800880088008801,0.6904325088272719
0.089008900890089,0.9006338034204665
0.09000900090009001,0.8189748032132032
0.09100910091009101,0.9948504045244604
0.09200920092009202,0.6622559649874861
0.093009300930093,0.7386623243479634
0.09400940094009401,0.727284214344116
0.09500950095009501,0.5144967974387517
0.096009600960096,0.8679005653154233
0.09700970097009701,0.8623469984314244
0.09800980098009801,0.8126007117509677
0.09900990099009901,0.7660852441564001
0.1000100010001,0.5313356790331523
0.10101010101010101,0.7316703585025577
0.10201020102010201,0.7486284877415008
0.10301030103010302,0.6580702115350028
0.104010401040104,0.7876050382700787
0.10501050105010501,0.9019910432232995
0.10601060106010601,1.1997188551294755
0.10701070107010702,0.8586800885858965
0.10801080108010801,0.8765394403388862
0.10901090109010901,0.8113869378016827
0.11001100110011001,0.44375049739376404
0.11101110111011102,0.8234123843653839
0.11201120112011201,0.8419533593290821
0.11301130113011301,1.323729576608062
0.11401140114011402,0.7937644174327447
0.115011501150115,0.8936830958910895
0.11601160116011601,0.8275497931553201
0.11701170117011701,0.6018565043931196
0.11801180118011802,1.065238027937559
0.11901190119011901,0.9881227567739433
0.12001200120012001,0.9969865013620152
0.12101210121012101,0.6579278043021806
0.12201220122012202,1.1213705080721141
0.12301230123012301,0.5614288976435438
0.12401240124012401,0.9601390540050703
0.125012501250125,1.2818082938668713
0.126012601260126,0.6465403939077938
0.127012701270127,0.7322995090284328
0.128012801280128,0.8663815794518274
0.12901290129012902,0.7466292329213079
0.13001300130013002,0.5380454916945566
0.13101310131013102,0.8627252955895431
0.132013201320132,0.637367141544491
0.133013301330133,0.9453421680844676
0.134013401340134,0.6675152005351092
0.135013501350135,1.1621438160045567
0.13601360136013602,0.6962436414761541
0.13701370137013702,0.7891997947893755
0.13801380138013802,1.0170137292537476
0.13901390139013903,0.6088159571204876
0.14001400140014,0.901139646750876
0.141014101410141,1.1177153135255486
0.142014201420142,0.535409441339382
0.14301430143014301,0.8944323683204418
0.14401440144014402,0.9100618073534953
0.14501450145014502,1.0150095797382064
0.14601460146014603,0.6117946872531935
0.147014701470147,0.5956133609220087
0.148014801480148,0.964592844454367
0.149014901490149,0.9200812717934885
0.15001500150015,0.9112426361232251
0.15101510151015102,0.9308733257477966
0.15201520152015202,0.7259982127405191
0.15301530153015303,0.9088531923687411
0.15401540154015403,0.9213960341430838
0.155015501550155,0.7202701018224507
0.156015601560156,1.2366338624689541
0.157015701570157,0.9585638183142284
0.15801580158015802,0.625834478617915
0.15901590159015902,0.995683485447078
0.16001600160016002,0.6696936295200754
0.16101610161016103,1.0222836715401407
0.162016201620162,1.0968022151490444
0.163016301630163,0.701142520265165
0.164016401640164,1.0581296058617546
0.16501650165016502,0.9481654491814479
0.16601660166016602,1.0301556442514477
0.16701670167016702,1.2452159996527623
0.16801680168016803,0.8168729916980718
0.16901690169016903,0.7152759939713568
0.17001700170017,0.6881723330555121
0.171017101710171,0.7029445151122324
0.172017201720172,0.8506969258965078
0.17301730173017302,0.934337683298883
0.17401740174017402,0.9214147767449955
0.17501750175017503,1.0314618870954275
0.17601760176017603,0.8685535125924643
0.177017701770177,1.1565671085265585
0.178017801780178,0.8128153334832776
0.179017901790179,1.4096461756293865
0.18001800180018002,0.9905906769577171
0.18101810181018102,0.6938497726770824
0.18201820182018202,0.6509060616989543
0.18301830183018303,0.9613615126230678
0.18401840184018403,0.8199361225876778
0.185018501850185,1.0071696020542942
0.186018601860186,0.9587370177154897
0.18701870187018702,0.8492228590823565
0.18801880188018802,0.6941082001171652
0.18901890189018902,0.5601549490620352
0.19001900190019003,0.7734579976444351
0.19101910191019103,1.0336564812033386
0.192019201920192,0.9047903428933566
0.193019301930193,0.6123978455218069
0.19401940194019401,0.895734927915391
0.19501950195019502,0.9376944940680698
0.19601960196019602,0.6833709405646131
0.19701970197019703,0.8903779941888457
0.19801980198019803,0.8707443994016515
0.19901990199019903,0.6299574191814264
0.2000200020002,0.9295369177790215
0.201020102010201,0.9695434662761975
0.20202020202020202,1.0733830784677012
0.20302030203020302,1.066898668613559
0.20402040204020402,0.5799489793417242
0.20502050205020503,0.6672416136404111
0.20602060206020603,0.957116626132996
0.20702070207020704,0.9561489055359478
0.208020802080208,0.9556625968916546
0.20902090209020902,1.6224399144770052
0.21002100210021002,0.9652914992669227
0.21102110211021102,1.0774255424453614
0.21202120212021203,1.0402910341240315
0.21302130213021303,0.978926462478878
0.21402140214021403,0.7847311727037588
0.215021502150215,0.9986949694166722
0.21602160216021601,0.6914314968238126
0.21702170217021702,0.7977075607835244
0.21802180218021802,0.7470526610172751
0.21902190219021903,0.8595336518324127
0.22002200220022003,1.3051033752560253
0.22102210221022103,0.4677108664412962
0.22202220222022204,0.9773876124272459
0.223022302230223,0.5165435179477011
0.22402240224022402,0.7436309081915746
0.22502250225022502,1.0547174849307013
0.22602260226022602,0.8486729730645404
0.22702270227022703,0.619137162187531
0.22802280228022803,0.6904740953706986
0.22902290229022904,0.9682827042838358
0.23002300230023,0.685097770957594
0.23102310231023102,0.8732504120573956
0.23202320232023202,0.8378403423039448
0.23302330233023302,0.6971528984325623
0.23402340234023403,1.2549885238030554
0.23502350235023503,0.9516900244434804
0.23602360236023603,0.41856402524962477
0.23702370237023704,0.8595495699945637
0.23802380238023801,0.6885474545000438
0.23902390239023902,0.9900173656703317
0.24002400240024002,0.6596324488117742
0.24102410241024103,0.7937751890014195
0.24202420242024203,0.9162858341689767
0.24302430243024303,0.9869853766309422
0.24402440244024404,0.5723011130111109
0.245024502450245,0.743966340726114
0.24602460246024602,0.7143638964151648
0.24702470247024702,0.6771537013888707
0.24802480248024802,1.1593572457282206
0.24902490249024903,0.8856898929392162
0.25002500250025,0.5509242598405594
0.251025102510251,0.985061331326617
0.252025202520252,1.2242885089177409
0.253025302530253,1.0046991315409373
0.254025402540254,0.4926614251750558
0.255025502550255,0.697998519228988
0.256025602560256,1.0465181038351898
0.25702570257025703,0.6498731948619991
0.25802580258025803,0.8784229112016853
0.25902590259025904,0.9428185480223135
0.26002600260026004,0.6007191803111303
0.26102610261026105,0.772394618348807
0.26202620262026205,0.1342215670109479
0.26302630263026305,0.5757538364013013
0.264026402640264,0.7282551026272271
0.265026502650265,0.5273305585215396
0.266026602660266,1.1014690674174663
0.267026702670267,0.4870393491592317
0.268026802680268,0.6831208093881268
0.269026902690269,0.795321226224088
0.27002700270027,1.0554525536428274
0.27102710271027103,0.4780316913910816
0.27202720272027203,0.995824599050261
0.27302730273027304,0.7632077502177782
0.27402740274027404,0.5628103215535233
0.27502750275027504,0.8494653474149854
0.27602760276027605,0.7947709429623366
0.27702770277027705,0.6328117943620972
0.27802780278027805,0.7646936323102852
0.279027902790279,0.6715304866761644
0.28002800280028,0.7691386774304502
0.281028102810281,0.8766854243189448
0.282028202820282,1.0592688802160402
0.283028302830283,0.49229085989148247
0.284028402840284,1.1642313616383049
0.285028502850285,0.34496020823604007
0.28602860286028603,0.7027562556710333
0.28702870287028703,0.8484947190530026
0.28802880288028804,0.784730223070429
0.28902890289028904,0.6016751588754242
0.29002900290029004,0.6822565412001176
0.29102910291029105,0.6229295221599941
0.29202920292029205,0.6012883398859937
0.29302930293029306,0.8866962328995365
0.294029402940294,0.7857764493178825
0.295029502950295,0.5733720651773071
0.296029602960296,0.8894377626532329
0.297029702970297,0.768524744757957
0.298029802980298,0.8671676461776493
0.299029902990299,0.8280347812482989
0.3000300030003,0.5338072902548692
0.30103010301030103,0.5850509342703072
0.30203020302030203,0.8440103653464704
0.30303030303030304,0.8140739340805884
0.30403040304030404,0.6852516167196111
0.30503050305030505,0.7103133683909056
0.30603060306030605,0.9397808133155019
0.30703070307030705,0.5633175702040543
0.30803080308030806,0.7884194952319767
0.309030903090309,0.6359139032325465
0.31003100310031,0.630152938620548
0.311031103110311,0.8907657138123135
0.312031203120312,0.8333992843834191
0.313031303130313,0.8283082090384024
0.314031403140314,0.9239769962988971
0.31503150315031503,0.6643417323303488
0.31603160316031603,0.7937761544628325
0.31703170317031704,0.5925617637338721
0.31803180318031804,0.7166629912547487
0.31903190319031904,0.6230008592700994
0.32003200320032005,0.6656136496528487
0.32103210321032105,0.762416179430637
0.32203220322032206,0.47689638122658984
0.32303230323032306,1.05615923764931
0.324032403240324,0.433605187829342
0.325032503250325,0.3890835366339145
0.326032603260326,0.8606418394598345
0.327032703270327,0.7844365172783978
0.328032803280328,0.7479982620179614
0.329032903290329,0.745899825798831
0.33003300330033003,0.6148239993318679
0.33103310331033103,0.43485141415159734
0.33203320332033204,0.6264785397741273
0.33303330333033304,0.47288713177314984
0.33403340334033405,0.8003318746310577
0.33503350335033505,0.5728716156887224
0.33603360336033605,0.4341456296358076
0.33703370337033706,0.5319167939780745
0.33803380338033806,0.6757161666809326
0.339033903390339,0.47730800342234814
0.34003400340034,0.42251910264463766
0.341034103410341,0.6325982269615212
0.342034203420342,0.6297391429651681
0.343034303430343,0.47622978549671463
0.344034403440344,0.48027100611756807
0.34503450345034503,0.6177366638405793
0.34603460346034604,0.2785456877847022
0.34703470347034704,0.28349366015183036
0.34803480348034804,0.4181095180946067
0.34903490349034905,0.51590907734506
0.35003500350035005,0.6175684743211524
0.35103510351035105,0.8472350769184563
0.35203520352035206,0.7204611604392517
0.35303530353035306,0.5136955736351939
0.354035403540354,0.5386228355311313
0.355035503550355,0.33865186789488483
0.356035603560356,0.5321757566057378
0.357035703570357,0.4748563917842785
0.358035803580358,0.5938307741565179
0.35903590359035903,0.3605291370880763
0.36003600360036003,0.6265223284318541
0.36103610361036104,0.8258680593803525
0.36203620362036204,0.49422516547627576
0.36303630363036304,0.5929662413874698
0.36403640364036405,0.6472892971783705
0.36503650365036505,0.42564302348304583
0.36603660366036606,0.547322367915446
0.36703670367036706,0.5016293580071005
0.36803680368036806,0.5152434748142418
0.369036903690369,0.3376941653078781
0.37003700370037,0.49377663279798745
0.371037103710371,0.5850434605300432
0.372037203720372,0.7722325766151067
0.373037303730373,0.670409041854833
0.37403740374037403,0.9057334792830005
0.37503750375037503,0.31816079704552436
0.37603760376037604,0.6426190910264626
0.37703770377037704,0.501339472997145
0.37803780378037805,0.8991393430284613
0.37903790379037905,0.29601848284226073
0.38003800380038005,0.2862249769823775
0.38103810381038106,0.33077396715025176
0.38203820382038206,0.02234857120080952
0.38303830383038306,0.3384441245859874
0.384038403840384,0.28822832687847205
0.385038503850385,0.46658578886587904
0.386038603860386,0.5013029662581027
0.387038703870387,0.8046233709893299
0.38803880388038803,0.6159042210186905
0.38903890389038903,0.30686191667108154
0.39003900390039004,0.23897597844708365
0.39103910391039104,0.5134522090310925
0.39203920392039204,0.14742451934655743
0.39303930393039305,0.7741591511525041
0.39403940394039405,0.6401452380581469
0.39503950395039505,0.30680560590169714
0.39603960396039606,0.0543911874436705
0.39703970397039706,0.6641638878921857
0.39803980398039807,0.3668468552599268
0.39903990399039907,0.6336777182698867
0.4000400040004,0.06358290511183701
0.401040104010401,0.2589418920764759
0.402040204020402,0.37620870482625884
0.40304030403040303,0.38089389013010355
0.40404040404040403,0.27781735195240415
0.40504050405040504,0.48872810629473706
0.40604060406040604,0.14695683678754012
0.40704070407040704,0.32832308853775993
0.40804080408040805,0.3771715657948554
0.40904090409040905,0.4523091824112982
0.41004100410041006,0.4880490210105807
0.41104110411041106,0.11709804207435795
0.41204120412041206,0.03149995840429998
0.41304130413041307,0.5901505380949271
0.41404140414041407,0.3973665385073044
0.415041504150415,0.17749130478539651
0.416041604160416,0.6337003293058736
0.417041704170417,0.3428827619821303
0.41804180418041803,0.5518818845368494
0.41904190419041903,0.32579760130300583
0.42004200420042004,0.720711925160524
0.42104210421042104,0.6558960550184441
0.42204220422042205,0.25129784781949893
0.42304230423042305,0.4916650369244167
0.42404240424042405,0.4226837178245745
0.42504250425042506,0.5635901663915519
0.42604260426042606,0.09313226951719014
0.42704270427042706,0.4195782742325097
0.42804280428042807,0.49030194824310547
0.4290429042904291,-0.07688359543811485
0.43004300430043,0.03445816700928789
0.431043104310431,-0.1404925471093742
0.43204320432043203,0.20971512622637922
0.43304330433043303,0.4033462693687855
0.43404340434043404,0.5565494088695335
0.43504350435043504,0.2671361247163002
0.43604360436043604,0.5742785727293362
0.43704370437043705,-0.031227273325928284
0.43804380438043805,-0.09964652016065134
0.43904390439043905,0.22615690703595562
0.44004400440044006,0.31031568048241576
0.44104410441044106,0.2231995848292778
0.44204420442044207,-0.1875140068005971
0.44304430443044307,0.20438635422738624
0.4440444044404441,-0.042447383707072905
0.445044504450445,0.3486175209584007
0.446044604460446,0.2842396309474862
0.44704470447044703,0.01918160594230664
0.44804480448044803,0.10062250736925124
0.44904490449044904,-0.012207604565033336
0.45004500450045004,0.18333950586732206
0.45104510451045104,0.3831451666320723
0.45204520452045205,-0.008785842680668149
0.45304530453045305,0.2854127557043804
0.45404540454045406,0.07479757198087017
0.45504550455045506,0.018521864337934763
0.45604560456045606,0.15193952100974767
0.45704570457045707,-0.037451747254158674
0.45804580458045807,0.05512007729509982
0.4590459045904591,-0.07747018728782268
0.46004600460046,0.5513082371664146
0.461046104610461,0.16167624150249843
0.46204620462046203,0.010941385811887527
0.46304630463046303,0.18994819615801292
0.46404640464046404,0.12095523540392791
0.46504650465046504,0.09549859583307177
0.46604660466046605,0.25880069944865763
0.46704670467046705,0.283747052582182
0.46804680468046805,0.022426873634158476
0.46904690469046906,0.00964862296294193
0.47004700470047006,0.06609080872801738
0.47104710471047107,-0.3429903649406194
0.47204720472047207,-0.1893476482859603
0.4730473047304731,0.3833662234675662
0.4740474047404741,0.4352899614157392
0.475047504750475,0.05279863553744608
0.47604760476047603,0.2142311697188634
0.47704770477047703,0.15748838336988505
0.47804780478047804,0.7073378638028821
0.47904790479047904,0.31180494077787413
0.48004800480048004,0.058639735556839545
0.48104810481048105,-0.1105463678499382
0.48204820482048205,-0.24438377442450387
0.48304830483048306,0.11394742078861686
0.48404840484048406,-0.08166068532901413
0.48504850485048506,-0.21848081066502362
0.48604860486048607,-0.06697834957295261
0.48704870487048707,-0.1576011180659586
0.4880488048804881,0.392515155059303
0.4890489048904891,0.22779934525012757
0.49004900490049,0.04626778203059853
0.49104910491049103,0.34024853507878466
0.49204920492049203,0.0561373761242497
0.49304930493049304,-0.13518237862228016
0.49404940494049404,0.33811689311668086
0.49504950495049505,0.13769870034897436
0.49604960496049605,-0.18110079867694992
0.49704970497049705,-0.015280307795324743
0.49804980498049806,-0.155889844008558
0.49904990499049906,-0.26087224958413646
0.5000500050005,0.1973847347451479
0.5010501050105011,0.39050184796091425
0.502050205020502,-0.27461780725602414
0.5030503050305031,0.1141747622160204
0.504050405040504,-0.1320542454345129
0.5050505050505051,-0.10284918260546139
0.506050605060506,-0.12739286690710327
0.5070507050705071,-0.18519368869570552
0.508050805080508,-0.006164013218126643
0.5090509050905091,-0.18552239266616052
0.51005100510051,0.03130386314875758
0.5110511051105111,-0.03628123442294349
0.512051205120512,-0.07746018653560904
0.513051305130513,-0.2146110048532496
0.5140514051405141,-0.15187084139911508
0.515051505150515,0.11115288221731498
0.5160516051605161,0.05685892446442184
0.517051705170517,-0.2422249525807398
0.5180518051805181,-0.03022695191575552
0.519051905190519,0.09681450472091463
0.5200520052005201,-0.390703359836256
0.521052105210521,0.04850059497430666
0.5220522052205221,-0.19603497133009093
0.523052305230523,0.04728122167177132
0.5240524052405241,-0.22280803304877256
0.525052505250525,-0.4344395898832585
0.5260526052605261,-0.40226778519619877
0.527052705270527,-0.07042747797610177
0.528052805280528,-0.03137406085576244
0.5290529052905291,-0.26744478712629827
0.53005300530053,0.03788543848794651
0.5310531053105311,-0.4253772308202426
0.532053205320532,-0.1095178012533694
0.5330533053305331,-0.3417220472604493
0.534053405340534,-0.23309122229808604
0.5350535053505351,-0.09643757302437986
0.536053605360536,-0.281181285949666
0.5370537053705371,-0.18917891279896606
0.538053805380538,0.08583379450575837
0.5390539053905391,-0.23394776429291175
0.54005400540054,0.045436861485097235
0.5410541054105411,-0.35076253819203485
0.5420542054205421,-0.021967262594837597
0.543054305430543,0.15729148116772482
0.5440544054405441,-0.6284323914239651
0.545054505450545,-0.296550784856813
0.5460546054605461,-0.02481243540639523
0.547054705470547,-0.1838778411419968
0.5480548054805481,-0.07206816017054285
0.549054905490549,-0.27010950324747907
0.5500550055005501,-0.13499609246743494
0.551055105510551,-0.1864374274731763
0.5520552055205521,0.07528026122152912
0.553055305530553,-0.11035228789192264
0.5540554055405541,-0.09666225928751673
0.555055505550555,-0.24949044531234044
0.5560556055605561,-0.26755437859657416
0.5570557055705571,-0.2594485709751405
0.558055805580558,-0.09693591968162522
0.5590559055905591,-0.26289817192647347
0.56005600560056,-0.12360664315366317
0.5610561056105611,0.23067289638569158
0.562056205620562,-0.013013180954190656
0.5630563056305631,-0.2552587958808733
0.564056405640564,0.04738771706594863
0.5650565056505651,-0.27725603119064945
0.566056605660566,-0.6060365659165642
0.5670567056705671,-0.40278433880134196
0.568056805680568,-0.5780654969648851
0.5690569056905691,-0.2769343676771232
0.57005700570057,-0.2056569792730358
0.5710571057105711,0.12325349219634427
0.5720572057205721,-0.14932604694291313
0.573057305730573,-0.26119332118196253
0.5740574057405741,-0.054137841811731285
0.575057505750575,-0.6648757186203265
0.5760576057605761,-0.17813930797325322
0.577057705770577,-0.07368651609263407
0.5780578057805781,-0.5261578209255554
0.579057905790579,-0.004254371414163127
0.5800580058005801,-0.1678540086307028
0.581058105810581,-0.3211423958167834
0.5820582058205821,-0.11404328724704468
0.583058305830583,0.21104082679447572
0.5840584058405841,-0.20920572791455538
0.585058505850585,-0.19839915934002528
0.5860586058605861,-0.3423627320084609
0.5870587058705871,-0.4228895942962302
0.588058805880588,-0.08926653384272898
0.5890589058905891,-0.42894616384011064
0.59005900590059,-0.2457944944659944
0.5910591059105911,-0.3580001339220451
0.592059205920592,-0.16901605982901144
0.5930593059305931,-0.200405381105595
0.594059405940594,-0.061937906982733215
0.5950595059505951,-0.37373950616339924
0.596059605960596,-0.32798370198824794
0.5970597059705971,-0.4720160263893367
0.598059805980598,-0.36735850580275087
0.5990599059905991,-0.20525825117066604
0.6000600060006,-0.13152097177007135
0.6010601060106011,-0.46953387917823064
0.6020602060206021,-0.1133434487954249
0.603060306030603,-0.018282504778317665
0.6040604060406041,-0.20885009159999735
0.605060506050605,0.0817136151270696
0.6060606060606061,-0.4504932699517768
0.607060706070607,-0.5467375900422371
0.6080608060806081,-0.6556031845337145
0.609060906090609,-0.0026839543021808243
0.6100610061006101,-0.17303449473204938
0.611061106110611,-0.31702042895865534
0.6120612061206121,-0.2518866302086082
0.613061306130613,-0.5349359508407618
0.6140614061406141,0.17737360938984142
0.6150615061506151,-0.2878519893098918
0.6160616061606161,-0.29371743549543
0.6170617061706171,-0.17232390415766188
0.618061806180618,-0.22313681994073914
0.6190619061906191,-0.2764038393857896
0.62006200620062,-0.48109799241547496
0.6210621062106211,-0.23051230540115364
0.622062206220622,0.04981568850203566
0.6230623062306231,-0.05926873479661554
0.624062406240624,-0.011459192775662708
0.6250625062506251,-0.43406361064427995
0.626062606260626,-0.531445522948168
0.6270627062706271,-0.36036609661411034
0.628062806280628,-0.32572789864095575
0.6290629062906291,-0.11967870613726966
0.6300630063006301,-0.6786339709328129
0.6310631063106311,-0.03583486965690108
0.6320632063206321,-0.37493020297956836
0.633063306330633,-0.43026827665979145
0.6340634063406341,-0.5488560761400895
0.635063506350635,-0.6789293229945286
0.6360636063606361,-0.18482625936887764
0.637063706370637,-0.3362787219493325
0.6380638063806381,-0.610395938716076
0.639063906390639,-0.6128604139772963
0.6400640064006401,-0.4224219116890059
0.641064106410641,-0.022860345357656242
0.6420642064206421,-0.4099619212355019
0.643064306430643,-0.6600305205384277
0.6440644064406441,-0.4098880573298499
0.6450645064506451,-0.41660086674726826
0.6460646064606461,-0.9027293422014143
0.6470647064706471,-0.3754859599083859
0.648064806480648,-0.4120679382649702
0.6490649064906491,-0.22787283876147785
0.65006500650065,0.001465031818937923
0.6510651065106511,-0.14420421552198137
0.652065206520652,-0.4244649162987104
0.6530653065306531,-0.5931412036765581
0.654065406540654,0.14170824269640825
0.6550655065506551,-0.36222654557361156
0.656065606560656,-0.37236967374035007
0.6570657065706571,-0.38104460235481385
0.658065806580658,-0.33764540720750774
0.6590659065906591,-0.40715590716333266
0.6600660066006601,-0.49401635274876177
0.6610661066106611,-0.48963449839667
0.6620662066206621,-0.3877707269726345
0.663066306630663,-0.49084096658424214
0.6640664066406641,-0.5256396584301063
0.665066506650665,-0.36267747028485364
0.6660666066606661,-0.4358304727305277
0.667066706670667,-0.08488642037221716
0.6680668066806681,-0.9167074207758055
0.669066906690669,-0.1690189594565552
0.6700670067006701,-0.13888857021314793
0.671067106710671,-0.8035473214095691
0.6720672067206721,-0.4581488273426386
0.673067306730673,-0.464619863571672
0.6740674067406741,-0.6725327410978372
0.6750675067506751,-0.5472707639033534
0.6760676067606761,-0.6144779154968087
0.6770677067706771,-0.042542257688648055
0.678067806780678,-0.20647253265404794
0.6790679067906791,-0.13988730795009185
0.68006800680068,-0.25043226720135925
0.6810681068106811,-0.6211236121764876
0.682068206820682,-0.5007421022660358
0.6830683068306831,-0.29846613011337875
0.684068406840684,-0.6412477897016544
0.6850685068506851,-0.2546819104377509
0.686068606860686,-0.4457842192322544
0.6870687068706871,-0.4730990112385398
0.688068806880688,-0.25633672646085526
0.6890689068906891,-0.31004808249252325
0.6900690069006901,-0.471444151851965
0.6910691069106911,-0.167713276843341
0.6920692069206921,-0.6160983633372661
0.693069306930693,-0.2769831755696863
0.6940694069406941,-0.28181278153663025
0.695069506950695,-0.4625831932085548
0.6960696069606961,-0.33566630899195177
0.697069706970697,-0.6513127733485082
0.6980698069806981,-0.2164599368761158
0.699069906990699,-0.4383991909662837
0.7000700070007001,-0.5060949341749988
0.701070107010701,-0.19185819866914888
0.7020702070207021,-0.5426166478393953
0.7030703070307031,-0.6835061926018976
0.7040704070407041,-0.7131839557284954
0.7050705070507051,-0.28067848975376575
0.7060706070607061,-0.6579668888498953
0.7070707070707071,-0.0509009084485586
0.708070807080708,-0.8182025507361427
0.7090709070907091,-0.06246052809934266
0.71007100710071,-0.3594616604752674
0.7110711071107111,-0.4208993600959632
0.712071207120712,-0.5104103834341814
0.7130713071307131,-0.32144742980215074
0.714071407140714,-0.40862795251998446
0.7150715071507151,-0.18024528307523055
0.716071607160716,-0.3778430813944844
0.7170717071707171,-0.3703895316152104
0.7180718071807181,-0.4729119379933352
0.7190719071907191,-0.4112965893311248
0.7200720072007201,-0.3380434565690856
0.7210721072107211,-0.7413122314929173
0.7220722072207221,-0.668568797776586
0.723072307230723,-0.24991049444628033
0.7240724072407241,-0.36400028753794683
0.725072507250725,-0.43455858967242483
0.7260726072607261,-0.3936421924520623
0.727072707270727,-0.327358228969562
0.7280728072807281,-0.5043506570703543
0.729072907290729,-0.5515624035077417
0.7300730073007301,-0.3562137585254893
0.731073107310731,-0.5905173579140884
0.7320732073207321,-0.3126309146327683
0.7330733073307331,-0.7342155501356032
0.7340734073407341,-0.1872637958295533
0.7350735073507351,-0.2979502824548235
0.7360736073607361,-0.3406174812687799
0.7370737073707371,-0.19461770677472
0.738073807380738,-0.057372349798023636
0.7390739073907391,-0.18688345473190573
0.74007400740074,-0.7572014719544453
0.7410741074107411,-0.6441901416481597
0.742074207420742,-0.5124655876274131
0.7430743074307431,-0.3814898242809261
0.744074407440744,-0.28236146894184133
0.7450745074507451,-0.5302063896416794
0.746074607460746,-0.3468477828911808
0.7470747074707471,-0.5344004261209845
0.7480748074807481,-0.504729340236348
0.7490749074907491,-0.6628392169005997
0.7500750075007501,-0.5652141850762069
0.7510751075107511,-0.6499443589960258
0.7520752075207521,-0.5738013981866485
0.753075307530753,-0.16689715042772707
0.7540754075407541,-0.5664835475869644
0.755075507550755,0.15091483895802799
0.7560756075607561,-0.2758353890725529
0.757075707570757,-0.33644877845805093
0.7580758075807581,-0.5439842802723571
0.759075907590759,-0.23112720558649544
0.7600760076007601,-0.48517298996124586
0.761076107610761,-0.34447954157847605
0.7620762076207621,0.144319435556286
0.7630763076307631,-0.3857053593855906
0.7640764076407641,-0.13541461394394966
0.7650765076507651,-0.5046605097718364
0.7660766076607661,-0.36975896824575694
0.7670767076707671,-0.007317343040250557
0.768076807680768,-0.48556729182956604
0.7690769076907691,0.0036391549843730053
0.77007700770077,-0.21595716894921616
0.7710771077107711,-0.46863829125698864
0.772077207720772,-0.22828120713082953
0.7730773077307731,-0.15885018159995318
0.774077407740774,-0.22757795295542058
0.7750775077507751,-0.664544380785236
0.7760776077607761,-0.4944670418303917
0.7770777077707771,-0.39706424366678705
0.7780778077807781,-0.3609489145474842
0.7790779077907791,-0.22041038657644535
0.7800780078007801,-0.3074681120131409
0.7810781078107811,-0.6085216830296001
0.7820782078207821,-0.2638387980203758
0.7830783078307831,-0.21616789946440507
0.7840784078407841,-0.22471482876398796
0.785078507850785,-0.11888589940251651
0.7860786078607861,-0.166608063543457
0.787078707870787,-0.23988832040030106
0.7880788078807881,-0.3440707808903934
0.789078907890789,-0.6605246575484806
0.7900790079007901,-0.24068525911683863
0.7910791079107911,-0.283329468037694
0.7920792079207921,-0.268791082180834
0.7930793079307931,-0.5766782223626277
0.7940794079407941,-0.5357433587034021
0.7950795079507951,-0.10708698224369376
0.7960796079607961,-0.32379611845792877
0.7970797079707971,-0.17773458969656722
0.7980798079807981,-0.3065028769521948
0.7990799079907991,-0.30432940421393995
0.8000800080008,-0.12072028377177682
0.8010801080108011,-0.4096648129576428
0.802080208020802,-0.2852930209195742
0.8030803080308031,-0.3950161074169083
0.804080408040804,-0.38748681120424056
0.8050805080508051,-0.3604312279935342
0.8060806080608061,-0.25216208752487823
0.8070807080708071,-0.3903134856948091
0.8080808080808081,-0.04137041726073648
0.8090809080908091,-0.4693840264309029
0.8100810081008101,-0.3257609426716725
0.8110811081108111,-0.3742400797732127
0.8120812081208121,0.005211165322018152
0.8130813081308131,-0.2427473720878756
0.8140814081408141,-0.07354679153959054
0.815081508150815,-0.5748686866027177
0.8160816081608161,-0.22217109674205987
0.817081708170817,-0.09546323942839205
0.8180818081808181,-0.254724645923817
0.819081908190819,-0.055861296962225415
0.8200820082008201,-0.37017496004983474
0.8210821082108211,0.017408262706012922
0.8220822082208221,0.19759029895871333
0.8230823082308231,-0.33246937179829844
0.8240824082408241,-0.34669882031380117
0.8250825082508251,0.03539751133771213
0.8260826082608261,0.06296947544876608
0.8270827082708271,-0.35516712060463335
0.8280828082808281,-0.33226732271130255
0.8290829082908291,-0.30220649906679714
0.83008300830083,-0.5123441630933134
0.8310831083108311,-0.4247738915264898
0.832083208320832,-0.4394461472898789
0.8330833083308331,-0.3897371421003739
0.834083408340834,-0.24065947863482856
0.8350835083508351,-0.1844097576128937
0.8360836083608361,0.0813317662133034
0.8370837083708371,-0.4259402888052115
0.8380838083808381,-0.02689176458640183
0.8390839083908391,-0.2640264877261556
0.8400840084008401,-0.22857974246111465
0.8410841084108411,-0.08116728728407077
0.8420842084208421,-0.43810577564787845
0.8430843084308431,-0.13449570544442288
0.8440844084408441,-0.17508969180651032
0.845084508450845,-0.10727865292479666
0.8460846084608461,-0.1453103412072671
0.847084708470847,0.29055430288655787
0.8480848084808481,-0.3254019671352041
0.849084908490849,-0.3013882961693932
0.8500850085008501,-0.3171387350143959
0.8510851085108511,-0.3009146681443172
0.8520852085208521,-0.3145922750846102
0.8530853085308531,0.05340575949822951
0.8540854085408541,0.102433412574991
0.8550855085508551,-0.293073881028326
0.8560856085608561,-0.34264031920688154
0.8570857085708571,-0.07911817510042903
0.8580858085808581,-0.28106557927219
0.8590859085908591,-0.041241996238072315
0.86008600860086,-0.12443895373610048
0.8610861086108611,-0.46535549149203226
0.862086208620862,0.15012324468213556
0.8630863086308631,0.20263849109679322
0.8640864086408641,-0.27624225504795286
0.8650865086508651,-0.22836063279669966
0.8660866086608661,-0.0907714821831245
0.8670867086708671,-0.07816598302619035
0.8680868086808681,-0.01044991415933022
0.8690869086908691,0.262791958340125
0.8700870087008701,-0.17171743502549394
0.8710871087108711,-0.2930554445537357
0.8720872087208721,-0.4063169202468305
0.8730873087308731,-0.2736853416375335
0.8740874087408741,-0.13116027461639412
0.875087508750875,0.23735175125622496
0.8760876087608761,-0.22209652554041118
0.877087708770877,-0.0708207306742363
0.8780878087808781,-0.1158566748020903
0.8790879087908791,0.12812295664041506
0.8800880088008801,0.3988572480075965
0.8810881088108811,-0.2096665765210939
0.8820882088208821,-0.1983344500687432
0.8830883088308831,0.11144160995090943
0.8840884088408841,0.04205335468298059
0.8850885088508851,0.2780916604369942
0.8860886088608861,0.02862037720148769
0.8870887088708871,-0.1569298370420776
0.8880888088808881,0.036162574003695935
0.8890889088908891,0.1428844259662756
0.89008900890089,0.08836121260239908
0.8910891089108911,0.0288495027562629
0.892089208920892,0.14386829725383363
0.8930893089308931,0.1675397716722996
0.8940894089408941,0.2132682661515518
0.8950895089508951,0.06974266846060906
0.8960896089608961,-0.09025040509883125
0.8970897089708971,-0.024303346451635656
0.8980898089808981,0.19084448825967956
0.8990899089908991,-0.21064769914319426
0.9000900090009001,0.029678686207913585
0.9010901090109011,-0.11951141160003811
0.9020902090209021,-0.031874733399838
0.9030903090309031,0.2212941379583647
0.9040904090409041,0.00705844220362211
0.905090509050905,-0.01863191149628523
0.9060906090609061,-0.2966411246563072
0.907090709070907,0.12783720300924423
0.9080908090809081,0.1109466610191737
0.9090909090909091,0.4177709402170436
0.9100910091009101,-0.07315875790314812
0.9110911091109111,0.0355104578459678
0.9120912091209121,0.044847128847230654
0.9130913091309131,0.31375743123718325
0.9140914091409141,-0.017489677850077493
0.9150915091509151,0.060682544023261696
0.9160916091609161,0.12977239465398516
0.9170917091709171,0.048835701453647594
0.9180918091809182,-0.07444624505997069
0.9190919091909191,0.05699078099985064
0.92009200920092,0.2362370271162742
0.9210921092109211,-0.18044901125720214
0.922092209220922,0.05479671828996444
0.9230923092309231,-0.10846739473744973
0.9240924092409241,0.27392521538482717
0.9250925092509251,-0.26635734683100776
0.9260926092609261,-0.07013528099312466
0.9270927092709271,0.12046531427377753
0.9280928092809281,0.3615062790529894
0.9290929092909291,0.03863452479544788
0.9300930093009301,-0.05586776791600036
0.9310931093109311,0.4347954551240082
0.9320932093209321,-0.22764260479437382
0.9330933093309332,-0.3744007648511572
0.9340934093409341,0.1567675717470459
0.935093509350935,-0.02823801678019562
0.9360936093609361,-0.12866181081312458
0.9370937093709371,0.2206716319151345
0.9380938093809381,0.13117962759966556
0.9390939093909391,-0.026973659052879087
0.9400940094009401,-0.16679290313318232
0.9410941094109411,0.26718856651233147
0.9420942094209421,0.2261695630411129
0.9430943094309431,0.07972937131607007
0.9440944094409441,0.47233003773298465
0.9450945094509451,-0.10757345454915633
0.9460946094609461,-0.1952180215052312
0.9470947094709471,-0.025048545409267972
0.9480948094809482,0.1076643513870417
0.9490949094909491,0.16890024923064098
0.95009500950095,0.07543815967008613
0.9510951095109511,0.1975515582797573
0.9520952095209521,-0.11971031342489319
0.9530953095309531,0.4228094583577209
0.9540954095409541,0.12108703083809846
0.9550955095509551,0.3644388139637137
0.9560956095609561,0.21298863968634835
0.9570957095709571,0.23925956829275835
0.9580958095809581,0.265329055674121
0.9590959095909591,0.24438519792094088
0.9600960096009601,0.2868570255009946
0.9610961096109611,0.4276129588715609
0.9620962096209621,0.20455754839399284
0.9630963096309632,0.31052570065539536
0.9640964096409641,0.1542501090296039
0.965096509650965,0.46369354499208193
0.9660966096609661,0.043864942186849915
0.9670967096709671,0.5428051281942741
0.9680968096809681,0.1780593206736916
0.9690969096909691,-0.09659011816405796
0.9700970097009701,0.21865979128878538
0.9710971097109711,0.06030249001107277
0.9720972097209721,0.36811524446120836
0.9730973097309731,0.07293514497206907
0.9740974097409741,0.11769624667668643
0.9750975097509751,-0.16750274050073888
0.9760976097609761,0.12341598791440578
0.9770977097709771,-0.2674274996866287
0.9780978097809782,-0.09596192302096529
0.9790979097909791,0.37637090574269433
0.98009800980098,0.38491629080096884
0.9810981098109811,0.316314902907373
0.9820982098209821,0.041294035819143066
0.9830983098309831,0.22861150531224383
0.9840984098409841,0.2408963151033098
0.9850985098509851,0.01340536213541657
0.9860986098609861,0.5492177647450932
0.9870987098709871,0.42746859129462783
0.9880988098809881,0.21125944889206405
0.9890989098909891,0.26428362126675264
0.9900990099009901,0.30403510216366947
0.9910991099109911,-0.14253853041403503
0.9920992099209921,0.2198205836806898
0.9930993099309932,0.1363044406809032
0.9940994099409941,0.07582003088478742
0.995099509950995,0.2233641290094232
0.9960996099609961,0.6425589598209029
0.9970997099709971,0.4146249060666618
0.9980998099809981,0.1756523284316972
0.9990999099909991,0.4078334895247647
1.000100010001,0.5766137431706695
1.001100110011001,0.4850919325859566
1.0021002100210021,0.31551052987776834
1.0031003100310032,0.17761298255288818
1.004100410041004,0.45005740827967267
1.005100510051005,0.39251865870692326
1.0061006100610062,0.4962653940276417
1.0071007100710072,0.44766251521839706
1.008100810081008,0.5339362437918619
1.009100910091009,0.22037225017681883
1.0101010101010102,0.5942876486276251
1.011101110111011,0.37371415644888867
1.012101210121012,0.752627573204727
1.0131013101310131,0.2031146679711486
1.0141014101410142,0.6915174018746781
1.015101510151015,0.38727469175930346
1.016101610161016,0.22077222020114487
1.0171017101710171,0.25763724029596646
1.0181018101810182,0.29369874070734014
1.019101910191019,0.4459503050949062
1.02010201020102,0.46902815473626625
1.0211021102110212,0.25305993556846457
1.0221022102210222,0.3662627455617151
1.023102310231023,0.8029162227989854
1.024102410241024,0.7232939429981688
1.0251025102510252,0.46836778354974673
1.026102610261026,0.39201598098435353
1.027102710271027,0.41172819436243946
1.0281028102810281,0.5137264884722406
1.0291029102910292,0.18975958081714558
1.03010301030103,0.34613213559056255
1.031103110311031,0.06717404155412193
1.0321032103210321,0.48401287337657656
1.0331033103310332,0.5368787243194392
1.034103410341034,0.3140673426597555
1.035103510351035,0.7287608144527821
1.0361036103610362,0.17206280102131052
1.0371037103710372,0.1275869922797807
1.038103810381038,0.4685918478346317
1.039103910391039,0.636354060284893
1.0401040104010402,0.7669461727839866
1.041104110411041,0.34160325550621096
1.042104210421042,0.6523289074983998
1.0431043104310431,0.4320967595980905
1.0441044104410442,0.408471707485019
1.045104510451045,0.6229207920977605
1.046104610461046,0.5798378629575853
1.0471047104710471,0.13727210702915238
1.0481048104810482,0.7510285514656808
1.049104910491049,0.7349013113949348
1.05010501050105,0.33692559980910713
1.0511051105110512,0.5443464119408404
1.0521052105210522,0.5671316988939561
1.053105310531053,0.5235926886244207
1.054105410541054,0.36452142270174187
1.0551055105510552,0.34337446939114213
1.056105610561056,0.47569711765260997
1.057105710571057,0.7184545523689712
1.0581058105810581,0.5957215528910432
1.0591059105910592,0.41596331536123116
1.06010601060106,0.6475024001981629
1.061106110611061,-0.07347764257855538
1.0621062106210621,0.7290439235701154
1.0631063106310632,0.1543995400155619
1.064106410641064,0.4328971625313581
1.065106510651065,0.28448590271342766
1.0661066106610662,0.2525095267124342
1.0671067106710672,0.7466284631341955
1.068106810681068,0.423931427564065
1.0691069106910691,0.5897722200805853
1.0701070107010702,0.5140782535746821
1.071107110711071,0.6218525466836133
1.072107210721072,0.5447817947746924
1.0731073107310731,0.27578296824717413
1.0741074107410742,0.7345896730613246
1.075107510751075,0.4395307271624142
1.076107610761076,0.22990217679919311
1.0771077107710771,0.4585227553749604
1.0781078107810782,0.8472156358303111
1.079107910791079,0.7200165167704227
1.08010801080108,0.4831407746448819
1.0811081108110812,0.48590917901815406
1.0821082108210822,0.49431365643119185
1.083108310831083,0.9768605824983075
1.0841084108410841,0.6407587121659807
1.0851085108510852,0.6532308490408723
1.086108610861086,0.7761203159945839
1.087108710871087,0.6206527166621734
1.0881088108810881,0.5239078164540946
1.0891089108910892,0.5392576852956394
1.09010901090109,0.5670088097299028
1.091109110911091,0.57667596672304
1.0921092109210921,0.7324275706188573
1.0931093109310932,0.6000619325524034
1.094109410941094,0.7389616607838265
1.095109510951095,0.5790409671761229
1.0961096109610962,0.6136516591238433
1.0971097109710972,0.20101447476352896
1.098109810981098,0.786639743351113
1.0991099109910991,0.6753810604922403
1.1001100110011002,0.8083840590244572
1.101110111011101,0.03221910331574662
1.102110211021102,1.0318226879477843
1.1031103110311031,0.5888967721561509
1.1041104110411042,0.8411075519630271
1.105110511051105,0.41413539197823973
1.106110611061106,0.74730620374322
1.1071107110711071,0.4166923711973085
1.1081108110811082,0.505234928457998
1.109110911091109,1.0153973643455672
1.11011101110111,0.5970460838079313
1.1111111111111112,0.6812496682598275
1.1121112111211122,0.8143461912203657
1.113111311131113,0.7420275591116992
1.1141114111411141,0.6755224477972819
1.1151115111511152,0.720967265832382
1.116111611161116,1.131183459440982
1.117111711171117,0.6414907043516246
1.1181118111811181,0.6957372052677904
1.1191119111911192,0.8681399852488605
1.12011201120112,0.8815947485368167
1.121112111211121,0.9003647932149262
1.1221122112211221,0.7931626300761392
1.1231123112311232,0.43926210991769443
1.124112411241124,0.996984529426333
1.125112511251125,0.44345286972332365
1.1261126112611262,0.7356613334115939
1.1271127112711272,0.5266799015572745
1.128112811281128,0.667096745753402
1.1291129112911291,0.7480547267781856
1.1301130113011302,0.7489399780773147
1.131113111311131,0.7714074118867277
1.132113211321132,1.0121086525136866
1.1331133113311331,0.7824047847731587
1.1341134113411342,0.6451864884521028
1.135113511351135,0.8891434833137511
1.136113611361136,0.9365167031965407
1.1371137113711371,0.4553858989223255
1.1381138113811382,0.8226606130824261
1.139113911391139,0.8456765458730933
1.14011401140114,0.6481789373531734
1.1411141114111412,0.9850708654664387
1.1421142114211422,0.6821444568587597
1.143114311431143,0.7394851262888736
1.1441144114411441,0.6819579057893644
1.1451145114511452,0.7218786734582918
1.146114611461146,0.5016865832926944
1.147114711471147,0.435098290173309
1.1481148114811481,1.0441644611719516
1.1491149114911492,0.5580142637025209
1.15011501150115,0.5312592391746472
1.151115111511151,0.30097894142691894
1.1521152115211521,0.6059719382600443
1.1531153115311532,0.4712417111861615
1.154115411541154,1.0663461328988084
1.155115511551155,0.9419779898560101
1.1561156115611562,0.6044440060204148
1.1571157115711572,1.1946087636481266
1.158115811581158,0.9425102451191399
1.1591159115911591,0.683214427602689
1.1601160116011602,0.2503111238386836
1.161116111611161,1.2103803449080255
1.162116211621162,0.476264897481118
1.1631163116311631,0.4270751952108808
1.1641164116411642,0.9626325752101178
1.165116511651165,1.248020502487638
1.166116611661166,1.0388641039614113
1.1671167116711672,0.8767188690125896
1.1681168116811682,0.8848034035086546
1.169116911691169,0.9384391229141249
1.17011701170117,0.9214331919349975
1.1711171117111712,0.8277652101049946
1.1721172117211722,0.7942345882730989
1.173117311731173,0.7627311778830245
1.1741174117411741,0.6263003190938486
1.1751175117511752,0.7227896565812678
1.176117611761176,0.4421527507876667
1.177117711771177,0.7628836420671067
1.1781178117811781,0.586628818104505
1.1791179117911792,0.5654126733298157
1.18011801180118,0.8238808968286754
1.181118111811181,1.0680620943709804
1.1821182118211822,0.9750725782117657
1.1831183118311832,0.47904481495936124
1.184118411841184,0.5969430557949803
1.185118511851185,0.9847347475020131
1.1861186118611862,0.6017829486075752
1.1871187118711872,0.755041817213205
1.188118811881188,0.911655001896335
1.1891189118911891,0.6096399540961333
1.1901190119011902,0.8260363511117553
1.191119111911191,0.5397967119052051
1.192119211921192,0.6879570142706155
1.1931193119311931,0.8738038488152289
1.1941194119411942,0.4928538371612969
1.195119511951195,0.901140873108015
1.196119611961196,0.8106999445678437
1.1971197119711972,0.9266953292915454
1.1981198119811982,0.8625382731276197
1.199119911991199,1.0921299333047507
1.2001200120012,0.8458814617617365
1.2011201120112012,0.7364785002932668
1.2021202120212022,0.8483305108088587
1.203120312031203,0.9340303937202715
1.2041204120412041,0.8366309779362742
1.2051205120512052,0.836453899128864
1.206120612061206,0.689402264801744
1.207120712071207,0.6986739287708896
1.2081208120812081,0.5521750608503941
1.2091209120912092,1.1840419849375612
1.21012101210121,0.5867730542003113
1.211121112111211,0.698372296890555
1.2121212121212122,0.6946681155778736
1.2131213121312132,1.018719300842778
1.214121412141214,0.7821179990961242
1.215121512151215,1.0920185397129964
1.2161216121612162,0.7091229010247
1.2171217121712172,0.9009594989946209
1.218121812181218,0.6794196668237541
1.2191219121912191,1.2768361150299885
1.2201220122012202,0.6115926501204239
1.221122112211221,0.9123713848024774
1.222122212221222,0.978446424630242
1.2231223122312231,0.9357236034983685
1.2241224122412242,0.8171679512382167
1.225122512251225,0.8295120396178122
1.226122612261226,0.8654782026965567
1.2271227122712272,0.8285443040712192
1.2281228122812282,1.051938426917599
1.229122912291229,1.3024742423379043
1.2301230123012301,0.7500674995375062
1.2311231123112312,0.5887906884825757
1.2321232123212322,0.846269553728176
1.233123312331233,1.3810317993872565
1.2341234123412341,0.7055083150089076
1.2351235123512352,1.1952092540674881
1.236123612361236,1.204058127647227
1.237123712371237,0.7589218361732529
1.2381238123812381,0.9845471087176674
1.2391239123912392,1.1975303559059656
1.24012401240124,0.7971155933619966
1.241124112411241,0.8333047940350197
1.2421242124212422,0.7587540648039345
1.2431243124312432,0.6731979833458404
1.244124412441244,0.7473426465066694
1.2451245124512451,0.6334487166181354
1.2461246124612462,0.886081911234069
1.2471247124712472,0.7262888973604793
1.248124812481248,0.9280489759845151
1.2491249124912491,0.5711108846548114
1.2501250125012502,0.9494542974350554
1.251125112511251,1.0509623443086422
1.252125212521252,0.486477835890651
1.2531253125312531,0.9609948501924944
1.2541254125412542,1.1326661143599288
1.255125512551255,0.6461431484620855
1.256125612561256,1.22351517190488
1.2571257125712572,0.9737241944958165
1.2581258125812582,0.7498281254842708
1.259125912591259,0.8805772416555757
1.2601260126012601,1.0042875078164801
1.2611261126112612,0.908704830752168
1.2621262126212622,1.0021271890266952
1.263126312631263,0.7111041731924136
1.2641264126412641,0.9299646737940216
1.2651265126512652,0.6141939958043592
1.266126612661266,0.8755268916506752
1.267126712671267,0.7178166608158516
1.2681268126812681,0.7523092165459558
1.2691269126912692,1.1474418415339236
1.27012701270127,1.1192842726064887
1.271127112711271,1.023640010712868
1.2721272127212722,0.6841311235500608
1.2731273127312732,0.8400844846467956
1.274127412741274,1.1467494774429419
1.2751275127512751,0.9332284047782702
1.2761276127612762,1.3694973937389099
1.2771277127712772,0.9850329541117372
1.278127812781278,0.9455086048857634
1.2791279127912791,0.8459964373870467
1.2801280128012802,0.9352404718786784
1.281128112811281,0.878742555511345
1.282128212821282,1.0515542206182795
1.2831283128312831,1.101960701555381
1.2841284128412842,0.7541019495620223
1.285128512851285,0.6457247654283569
1.286128612861286,0.5453937677879684
1.2871287128712872,1.014888626956773
1.2881288128812882,0.6932646538236764
1.289128912891289,0.4839996260052974
1.2901290129012901,0.9929254531359125
1.2911291129112912,1.414433903794869
1.2921292129212922,0.915236429172138
1.293129312931293,1.0847577835802844
1.2941294129412941,0.9340269868842211
1.2951295129512952,0.8984772038208574
1.296129612961296,1.1026570469489512
1.297129712971297,0.861366118101563
1.2981298129812981,0.9734714913998855
1.2991299129912992,0.9848973811627713
1.3001300130013,0.7874973751249215
1.301130113011301,1.1200745014449593
1.3021302130213022,0.8872176310570207
1.3031303130313032,0.7715971522040405
1.304130413041304,1.0305778712942328
1.3051305130513051,0.744105207638393
1.3061306130613062,0.9299511862341803
1.3071307130713072,0.9230006221871414
1.308130813081308,1.1425063843061507
1.3091309130913091,1.0207632173116519
1.3101310131013102,0.9213079958811758
1.311131113111311,1.090350049208853
1.312131213121312,1.2053153535143926
1.3131313131313131,1.039306679896217
1.3141314131413142,0.9302797062567524
1.315131513151315,0.6663003566029841
1.316131613161316,0.7160972169373808
1.3171317131713172,0.8685213496191865
1.3181318131813182,0.8081042544053453
1.319131913191319,0.8930469711307853
1.3201320132013201,0.9421999554542335
1.3211321132113212,1.0372315314360352
1.3221322132213222,0.9176105760418615
1.323132313231323,1.0294224223281896
1.3241324132413241,0.9454232192361653
1.3251325132513252,0.537835816654074
1.326132613261326,0.7454574660403379
1.327132713271327,0.9048971402034495
1.3281328132813282,0.6921605715659339
1.3291329132913292,1.0544649678785385
1.33013301330133,1.2410039939012516
1.331133113311331,1.1789757781112695
1.3321332133213322,0.892899459813278
1.3331333133313332,1.234093004706751
1.334133413341334,0.9660362005612593
1.3351335133513351,0.8692357065750682
1.3361336133613362,0.8143178912150639
1.3371337133713372,0.8768454128511742
1.338133813381338,0.8600403875179874
1.3391339133913391,0.97209094347365
1.3401340134013402,0.9704500616062286
1.341134113411341,0.9392677264634259
1.342134213421342,1.0263651761489898
1.3431343134313432,1.1774216518198672
1.3441344134413442,1.1295139857441625
1.345134513451345,0.6429303061886572
1.346134613461346,0.4294284659093477
1.3471347134713472,1.127375592351268
1.3481348134813482,0.6674309843014778
1.349134913491349,0.8961450266656272
1.3501350135013501,0.7073632266227995
1.3511351135113512,0.5812738834293938
1.3521352135213522,1.0502431426388739
1.353135313531353,1.0940588147019739
1.3541354135413541,0.8271995204028969
1.3551355135513552,0.42456366498001685
1.356135613561356,0.8337905342777421
1.357135713571357,1.0216643759002106
1.3581358135813582,0.647782335046925
1.3591359135913592,0.9804947025485978
1.36013601360136,0.9410158870719467
1.361136113611361,1.0601884363679237
1.3621362136213622,0.9684957035899215
1.3631363136313632,0.7502126217808635
1.364136413641364,1.1843848495803713
1.3651365136513651,0.9136062057945632
1.3661366136613662,0.9400902881024856
1.3671367136713672,0.7591342567995111
1.368136813681368,0.85736570050254
1.3691369136913691,0.7692936320451614
1.3701370137013702,0.9118947813741309
1.371137113711371,1.2890533746547124
1.372137213721372,0.672557074367589
1.3731373137313732,0.6244486590032488
1.3741374137413742,1.2416167231674586
1.375137513751375,0.9057377968889984
1.376137613761376,0.8140060868158796
1.3771377137713772,1.1560179737685274
1.3781378137813782,0.8271287014446614
1.379137913791379,1.3136669683224274
1.3801380138013801,1.0842619308813772
1.3811381138113812,0.8513047923252149
1.3821382138213822,1.3805576917446882
1.383138313831383,0.8281607687712922
1.3841384138413841,1.0979293324302792
1.3851385138513852,1.0095741502569366
1.386138613861386,1.2102682106853175
1.387138713871387,1.2624255241282916
1.3881388138813882,0.9567265306539762
1.3891389138913892,0.7998436975070329
1.39013901390139,1.0427224960335695
1.3911391139113911,0.8153850848103735
1.3921392139213922,1.3538050651889184
1.3931393139313932,0.9786335744391083
1.394139413941394,0.8784605959655332
1.3951395139513951,0.9886589405604715
1.3961396139613962,0.6824952393160237
1.3971397139713972,0.7577950213787623
1.398139813981398,1.1923977257270466
1.3991399139913991,0.8211330555933982
1.4001400140014002,0.7433266031026539
1.401140114011401,1.060236228018691
1.402140214021402,1.1902434443708965
1.4031403140314032,1.0970903377780639
1.4041404140414042,1.1527064693239648
1.405140514051405,0.8023354331011848
1.4061406140614061,0.669530165866995
1.4071407140714072,1.2543572751539618
1.4081408140814082,0.8897532868698373
1.409140914091409,0.9043218925085046
1.4101410141014101,1.2203271633474326
1.4111411141114112,1.066134840552593
1.4121412141214122,1.0462676275649199
1.413141314131413,1.38829257341134
1.4141414141414141,0.8267913522254723
1.4151415141514152,1.1412668459096866
1.416141614161416,0.9673062606681834
1.417141714171417,1.0098279652859798
1.4181418141814182,1.2620101918154023
1.4191419141914192,1.05809184250702
1.42014201420142,1.0643933437052715
1.4211421142114211,1.171446347894774
1.4221422142214222,0.8841664666378204
1.4231423142314232,0.7895286541729049
1.424142414241424,0.7486238300318611
1.4251425142514251,0.5645310010893565
1.4261426142614262,1.369262026554094
1.4271427142714272,0.7375989027398451
1.428142814281428,0.9142115821454693
1.4291429142914291,0.903323195163189
1.4301430143014302,1.0203926216127828
1.431143114311431,1.1222860911204255
1.432143214321432,1.131462713202097
1.4331433143314332,0.8429839554748371
1.4341434143414342,0.9264086488923647
1.435143514351435,1.0165847107454624
1.4361436143614361,0.9105684643501257
1.4371437143714372,1.2820160727398817
1.4381438143814382,1.0589845735533903
1.439143914391439,1.1080101822550947
1.4401440144014401,1.0938583947704952
1.4411441144114412,1.1962269603919526
1.4421442144214422,0.9979891376998873
1.443144314431443,0.7026737196222504
1.4441444144414441,1.0422356856314945
1.4451445144514452,0.8322874616626974
1.446144614461446,0.8570990641754798
1.447144714471447,1.0803616348656926
1.4481448144814482,1.2110148016214686
1.4491449144914492,0.9678848393006267
1.45014501450145,1.0256724978766008
1.4511451145114511,1.3046273444729497
1.4521452145214522,1.012616594030801
1.4531453145314532,1.485087379174817
1.454145414541454,1.078140732114117
1.4551455145514551,0.6131775986752813
1.4561456145614562,1.1162931751395335
1.4571457145714573,1.0421546328193851
1.458145814581458,1.2241750673052585
1.4591459145914591,1.1011658539077993
1.4601460146014602,0.9391470109235329
1.461146114611461,0.7222907913938152
1.462146214621462,0.925661674532495
1.4631463146314632,0.7976818280091104
1.4641464146414642,0.8520045759629867
1.465146514651465,1.0861520963497704
1.4661466146614661,1.3027483161689777
1.4671467146714672,1.048036618772656
1.4681468146814682,0.7302645425310228
1.469146914691469,1.0587045218333269
1.4701470147014701,1.20945715594477
1.4711471147114712,0.8485252309573275
1.4721472147214723,0.9440334596228133
1.473147314731473,0.9741337856657977
1.4741474147414741,0.814579954729592
1.4751475147514752,1.1015834353800777
1.476147614761476,0.9481097541055065
1.477147714771477,1.056582254618819
1.4781478147814782,0.7955581014560165
1.4791479147914792,0.8859500792007133
1.48014801480148,1.1183076855755252
1.4811481148114811,0.8996589717791679
1.4821482148214822,1.320017114541052
1.4831483148314832,0.895100443160202
1.484148414841484,1.0203725948103781
1.4851485148514851,1.1623664578068371
1.4861486148614862,0.6925924975287716
1.4871487148714873,0.6245259833347314
1.488148814881488,0.6719833708893952
1.4891489148914892,1.2300631660438093
1.4901490149014902,0.8676112877409308
1.491149114911491,1.4900642416396466
1.492149214921492,0.8660212638994117
1.4931493149314932,1.0162324099372335
1.4941494149414942,1.288200506512665
1.495149514951495,1.3814584953449978
1.4961496149614961,1.3930071032297349
1.4971497149714972,1.2228512056295364
1.4981498149814982,1.1864671701241212
1.499149914991499,1.1006419259958464
1.5001500150015001,1.1382958197008581
1.5011501150115012,0.8728787574798725
1.5021502150215023,0.8199736786238472
1.503150315031503,0.9834414064605254
1.5041504150415042,0.9505875333971701
1.5051505150515052,0.8944923540388284
1.506150615061506,1.1249343336203668
1.507150715071507,1.1772421679306775
1.5081508150815082,1.004392214523811
1.5091509150915092,1.2827520200415456
1.51015101510151,0.7594488290943588
1.5111511151115111,0.9496009151431104
1.5121512151215122,0.8455200298565624
1.5131513151315132,0.6161344138022249
1.514151415141514,0.9734684233583567
1.5151515151515151,0.9662234854847297
1.5161516151615162,1.293836988466473
1.5171517151715173,1.1178890775475379
1.518151815181518,0.7874747463311603
1.5191519151915192,1.3637216857848231
1.5201520152015202,1.23770668416036
1.521152115211521,1.1105219893938998
1.522152215221522,0.9494138830079142
1.5231523152315232,0.8034368787014047
1.5241524152415242,0.9215031814793194
1.525152515251525,1.214319876279252
1.5261526152615261,1.3741188512140654
1.5271527152715272,1.3064875718873084
1.5281528152815282,0.9007121124969156
1.529152915291529,0.7752075105559214
1.5301530153015301,1.0279631314392759
1.5311531153115312,0.6467587924386164
1.5321532153215323,1.0657469041205743
1.533153315331533,0.972265465001207
1.5341534153415342,0.9092572405341415
1.5351535153515352,0.6842084356123413
1.536153615361536,1.1065595393059633
1.537153715371537,0.8979957904264733
1.5381538153815382,0.7712550131099914
1.5391539153915392,0.431494350513859
1.54015401540154,1.0011582250135243
1.5411541154115411,1.361831946467628
1.5421542154215422,1.3403599071410592
1.5431543154315432,0.9174212731401442
1.544154415441544,0.8891366022876792
1.5451545154515451,1.1040783911105136
1.5461546154615462,0.8113970185890076
1.5471547154715473,1.0721890986862572
1.548154815481548,1.1658094366337135
1.5491549154915492,1.258748741485589
1.5501550155015502,0.9941060536650833
1.5511551155115513,0.9741829500647097
1.5521552155215521,0.8401080745636612
1.5531553155315532,0.8511214747892192
1.5541554155415542,0.9720007833598043
1.555155515551555,1.0915747417017092
1.5561556155615561,1.2016297060346386
1.5571557155715572,0.8590941917488589
1.5581558155815582,1.3190909556176749
1.559155915591559,0.9671578379983623
1.5601560156015601,1.0179444691545014
1.5611561156115612,0.8736170118434132
1.5621562156215623,0.539058760893022
1.563156315631563,1.2015693983135678
1.5641564156415642,1.1729886399647247
1.5651565156515652,0.9702199200292422
1.5661566156615663,1.0407551685954344
1.5671567156715671,1.1314224779674102
1.5681568156815682,0.7166090800900358
1.5691569156915692,0.9241973323879803
1.57015701570157,1.1897564105036489
1.5711571157115711,0.7809471773812009
1.5721572157215722,1.0914242063781148
1.5731573157315732,0.7623097766228827
1.574157415741574,1.127831599888138
1.5751575157515751,1.0283427090241606
1.5761576157615762,0.7133759679898417
1.5771577157715773,1.2702874381311546
1.578157815781578,0.8913643845068386
1.5791579157915792,0.8771812272250904
1.5801580158015802,1.080300435948056
1.5811581158115813,1.2708747997526493
1.5821582158215821,0.8389495347077712
1.5831583158315832,1.0554222555635489
1.5841584158415842,1.129827773789585
1.585158515851585,1.1836695663328227
1.5861586158615861,1.0813264915114897
1.5871587158715872,0.9736280934306103
1.5881588158815882,0.8825168233253717
1.589158915891589,1.066270555295731
1.5901590159015901,0.8356265715574336
1.5911591159115912,0.4668025349808632
1.5921592159215923,1.139408490521946
1.593159315931593,1.233913013440647
1.5941594159415942,0.5815746678169246
1.5951595159515952,0.8532556939110257
1.5961596159615963,1.1800789126758968
1.5971597159715971,1.4687989006137334
1.5981598159815982,1.0625157892715342
1.5991599159915992,0.9138191691323081
1.6001600160016,1.0239086204988856
1.6011601160116011,1.336536758131051
1.6021602160216022,0.9334475902552102
1.6031603160316032,0.903886334101857
1.604160416041604,0.9682656687161365
1.6051605160516051,0.8752435878070624
1.6061606160616062,1.0915435771886943
1.6071607160716073,1.393050647501824
1.608160816081608,1.1338414580239577
1.6091609160916092,1.0198707242565914
1.6101610161016102,1.0131001332092355
1.6111611161116113,0.7599502953629955
1.6121612161216121,1.2503415566417022
1.6131613161316132,1.0592883455519375
1.6141614161416142,1.0399009906765553
1.615161516151615,1.7157646446023413
1.6161616161616161,1.1380448034806947
1.6171617161716172,0.9290919990732398
1.6181618161816183,0.9953395364611108
1.619161916191619,1.3114658657327531
1.6201620162016201,1.1056012574724055
1.6211621162116212,0.7964667755968575
1.6221622162216223,1.2691480590851263
1.623162316231623,0.9528580210248347
1.6241624162416242,1.4623355838800904
1.6251625162516252,1.3048794157653976
1.6261626162616263,1.0006037393528953
1.6271627162716271,1.347474206420209
1.6281628162816282,1.1060493088013077
1.6291629162916292,1.2642446281443807
1.63016301630163,1.1918525130334152
1.6311631163116311,0.9268550007540749
1.6321632163216322,0.9686410283480386
1.6331633163316333,1.3045720568948258
1.634163416341634,1.0328579151283097
1.6351635163516351,1.0203205202444903
1.6361636163616362,0.9112670245811126
1.6371637163716373,1.188256729861669
1.638163816381638,1.5172912776153282
1.6391639163916392,0.8925330401501484
1.6401640164016402,1.1121407467426205
1.6411641164116413,1.391002052518826
1.6421642164216421,1.0938945527707444
1.6431643164316432,1.2015658328367484
1.6441644164416442,0.8998851124262393
1.645164516451645,1.199301232282284
1.6461646164616461,1.0774905528535106
1.6471647164716472,1.3133485436450725
1.6481648164816483,1.3549663860330514
1.649164916491649,1.636691974311846
1.6501650165016502,1.2359993356445678
1.6511651165116512,1.1865287497570167
1.6521652165216523,1.161546407492343
1.653165316531653,1.0533395691170935
1.6541654165416542,1.1929760406271448
1.6551655165516552,1.0675085414243397
1.6561656165616563,1.1615936205178705
1.6571657165716571,1.3927365270514498
1.6581658165816582,0.9292270364833612
1.6591659165916592,1.3598326679400752
1.66016601660166,1.3966041930802742
1.6611661166116611,1.110894456531081
1.6621662166216622,0.7114668631007539
1.6631663166316633,1.0156057648944372
1.664166416641664,1.3979039688028188
1.6651665166516652,1.1352688608535284
1.6661666166616662,0.9413218957547766
1.6671667166716673,1.0415696199349853
1.668166816681668,1.3119932020629435
1.6691669166916692,1.2545627707089244
1.6701670167016702,1.0987787019429138
1.6711671167116713,1.0745514447689477
1.6721672167216721,1.0709179791422758
1.6731673167316732,0.9661428657271797
1.6741674167416742,1.475057281024366
1.675167516751675,1.0888771711724112
1.6761676167616761,1.3981339065824958
1.6771677167716772,1.4603280994494117
1.6781678167816783,1.3570914379048575
1.679167916791679,1.0724711804179135
1.6801680168016802,1.2409087937025816
1.6811681168116812,1.156692667131741
1.6821682168216823,0.9821618408582586
1.683168316831683,1.2291458370902062
1.6841684168416842,0.9298390643425736
1.6851685168516852,1.404557146738119
1.6861686168616863,1.0754731908748936
1.6871687168716871,1.2100050274131198
1.6881688168816882,1.22780811049112
1.6891689168916892,1.1207479044779427
1.69016901690169,1.2912468743320147
1.6911691169116911,1.080307377637087
1.6921692169216922,1.3509282714501467
1.6931693169316933,0.9088542145896079
1.694169416941694,1.2047079681706756
1.6951695169516952,1.56860024354876
1.6961696169616962,0.9821309867118937
1.6971697169716973,1.048031408070659
1.698169816981698,1.2877453911866552
1.6991699169916992,1.2222637908157719
1.7001700170017002,1.257857186777432
1.7011701170117013,1.2869523696720528
1.7021702170217021,1.3174429828814203
1.7031703170317032,1.4138222961580817
1.7041704170417042,1.2752295147725898
1.705170517051705,1.146397448747078
1.7061706170617061,1.3305465801951197
1.7071707170717072,1.5773906742517685
1.7081708170817083,1.1722694950856378
1.709170917091709,1.0052717727320821
1.7101710171017102,1.422974511196124
1.7111711171117112,1.1788621644573414
1.7121712171217123,0.7697837057783379
1.7131713171317131,1.3751802872776793
1.7141714171417142,1.1000076916930175
1.7151715171517152,1.1903430103962174
1.7161716171617163,1.2762209523834593
1.7171717171717171,1.249298843318941
1.7181718171817182,1.3544620135501373
1.7191719171917192,1.1268457601657045
1.72017201720172,1.31793413895454
1.7211721172117211,1.1647720689646381
1.7221722172217222,1.365810324943817
1.7231723172317233,1.3424868677414343
1.724172417241724,1.0336890091235746
1.7251725172517252,1.4393347060889032
1.7261726172617262,1.1163051999641083
1.7271727172717273,1.3864670454533106
1.7281728172817281,1.299668453616142
1.7291729172917292,1.595201057204115
1.7301730173017302,1.1842221992868247
1.7311731173117313,1.1604007704960544
1.7321732173217321,1.227726519381975
1.7331733173317332,1.1723182883605874
1.7341734173417342,1.3942838396708779
1.735173517351735,0.912371878212963
1.7361736173617361,1.0262332990484078
1.7371737173717372,1.0247421398211907
1.7381738173817383,1.4296942578254495
1.739173917391739,1.583082418862096
1.7401740174017402,1.2213938106003894
1.7411741174117412,1.2098400399486835
1.7421742174217423,1.2589322829222132
1.7431743174317431,1.478611626938205
1.7441744174417442,1.0620760209266453
1.7451745174517452,1.2965276055798545
1.7461746174617463,1.4451968907324075
1.7471747174717471,1.3516760634075136
1.7481748174817482,1.290669640584582
1.7491749174917492,1.4542547610062242
1.75017501750175,0.7146873605691403
1.7511751175117511,1.3921931251542998
1.7521752175217522,1.127083045953191
1.7531753175317533,0.8930475175362642
1.754175417541754,1.3626862377896916
1.7551755175517552,1.5364446681003225
1.7561756175617562,1.2354860310011075
1.7571757175717573,1.4548088652890245
1.7581758175817581,1.5879431897395173
1.7591759175917592,1.5297192847585628
1.7601760176017602,1.5959733425887188
1.7611761176117613,1.4176450774760863
1.7621762176217621,1.2855404625061877
1.7631763176317632,0.9512896537149677
1.7641764176417642,1.223694238678672
1.765176517651765,1.1054760891853699
1.7661766176617661,1.709527288277095
1.7671767176717672,1.2413694962203234
1.7681768176817683,1.3023900241774444
1.769176917691769,1.3892429450846113
1.7701770177017702,1.2888574818852159
1.7711771177117712,1.6203325518283993
1.7721772177217723,1.157971963631102
1.7731773177317731,1.3225968730648947
1.7741774177417742,1.136348777417849
1.7751775177517752,1.0219997840528645
1.7761776177617763,1.1648056517609189
1.7771777177717771,1.2809009988002624
1.7781778177817782,1.2035904189315125
1.7791779177917793,1.1521027035975766
1.78017801780178,1.0104528854690926
1.7811781178117811,1.2762180980147735
1.7821782178217822,0.9930112406251577
1.7831783178317833,1.4470757925022082
1.784178417841784,1.3126549290597305
1.7851785178517852,1.0057520646475662
1.7861786178617862,1.2365088555958916
1.7871787178717873,1.1490005298487023
1.7881788178817881,1.3643405996697555
1.7891789178917892,1.5696623332995518
1.7901790179017902,0.9275968698704964
1.7911791179117913,1.3266881859142516
1.7921792179217921,1.272700417305317
1.7931793179317932,1.4400313116481964
1.7941794179417943,1.3494311692007883
1.795179517951795,1.1574186654045175
1.7961796179617961,1.2450144876729503
1.7971797179717972,1.1506248153132992
1.7981798179817983,1.5260280091464264
1.799179917991799,1.316077302987335
1.8001800180018002,1.693033213613941
1.8011801180118012,1.3016346427324639
1.8021802180218023,1.1730487215361665
1.8031803180318031,1.0129419209150126
1.8041804180418042,0.9560029586490204
1.8051805180518052,1.0007410846979439
1.8061806180618063,1.3719221829800643
1.8071807180718071,1.421161552281639
1.8081808180818082,1.0040891329258876
1.8091809180918093,1.5002366083077079
1.81018101810181,1.2255092695740823
1.8111811181118112,1.3523633949535259
1.8121812181218122,1.646322925229136
1.8131813181318133,1.504111280481549
1.814181418141814,1.271892432688065
1.8151815181518152,1.148205706092617
1.8161816181618162,0.8969170206755089
1.8171817181718173,1.1842756648345025
1.8181818181818181,1.2866967039594366
1.8191819181918192,1.1322933821740508
1.8201820182018202,1.3042744606566137
1.8211821182118213,1.3466827457051387
1.8221822182218221,1.287117554560241
1.8231823182318232,1.2028544017697078
1.8241824182418243,1.3673417232142118
1.825182518251825,1.4227444124056023
1.8261826182618262,1.117011502614128
1.8271827182718272,1.618002291008704
1.8281828182818283,1.3168120665653364
1.829182918291829,1.3410027964992863
1.8301830183018302,1.4795681565583625
1.8311831183118312,1.3852500397167342
1.8321832183218323,1.5299047440885842
1.8331833183318331,1.3973618374754146
1.8341834183418342,1.2180980212077894
1.8351835183518352,1.4135235190209121
1.8361836183618363,1.1131036383649788
1.8371837183718371,1.3641755569979468
1.8381838183818382,1.3364209463503267
1.8391839183918393,1.3020354170482296
1.84018401840184,1.3185315686987804
1.8411841184118412,0.9684379062185287
1.8421842184218422,1.2356196636548347
1.8431843184318433,1.364478764898478
1.844184418441844,1.3784143364754158
1.8451845184518452,1.1414293619229494
1.8461846184618462,1.600615273964202
1.8471847184718473,1.174735960847535
1.8481848184818481,1.5423474300213087
1.8491849184918492,1.4343676825020422
1.8501850185018502,1.2201438555707234
1.8511851185118513,1.7048996174453426
1.8521852185218521,1.111545735063107
1.8531853185318532,1.534527067236232
1.8541854185418543,1.5512232237047396
1.855185518551855,1.2173805705937064
1.8561856185618562,1.6303827780946403
1.8571857185718572,1.3022527032076985
1.8581858185818583,1.4103601318038066
1.859185918591859,1.4050322150914938
1.8601860186018602,1.3264395121930743
1.8611861186118612,1.5157832306222838
1.8621862186218623,1.512626468955253
1.8631863186318631,1.0045162438107522
1.8641864186418642,1.615371297228245
1.8651865186518652,1.0222720900598565
1.8661866186618663,1.5615335290314374
1.8671867186718671,1.580605610594261
1.8681868186818682,1.1372980203389567
1.8691869186918693,1.2735415339844163
1.87018701870187,1.1347628395024845
1.8711871187118712,1.3131051800306717
1.8721872187218722,1.2946543086843487
1.8731873187318733,1.512351153683221
1.8741874187418741,1.618624716620864
1.8751875187518752,1.6358296248256934
1.8761876187618762,1.244375064831837
1.8771877187718773,1.3150659526596424
1.8781878187818781,1.0203101340491532
1.8791879187918792,1.19589693061929
1.8801880188018802,1.550100107298261
1.8811881188118813,1.6802907869602552
1.8821882188218821,1.1103344342203032
1.8831883188318832,1.2387268283369732
1.8841884188418843,1.3519394265176559
1.885188518851885,1.41323907502797
1.8861886188618862,1.1952577141899354
1.8871887188718872,1.4419474539803179
1.8881888188818883,1.262309397545196
1.8891889188918891,1.354113973081765
1.8901890189018902,1.4661735195654326
1.8911891189118912,1.358098393545625
1.8921892189218923,1.2694190030333745
1.8931893189318931,1.3346413793966827
1.8941894189418942,1.3387427709531954
1.8951895189518952,1.2822499896143187
1.8961896189618963,1.3043145731896824
1.8971897189718971,1.675609514984575
1.8981898189818982,1.467854918896823
1.8991899189918993,1.2963505161757425
1.9001900190019,1.4945975625392363
1.9011901190119012,1.2881873868125897
1.9021902190219022,1.5893052671252652
1.9031903190319033,1.4283222356163323
1.9041904190419041,1.3326311802407158
1.9051905190519052,1.4433171125035238
1.9061906190619062,1.0392648743725448
1.9071907190719073,1.1277372008778044
1.9081908190819081,1.1139404495433813
1.9091909190919092,1.380932946670908
1.9101910191019102,1.6984502802669985
1.9111911191119113,1.797794293629242
1.9121912191219121,1.4787154562705134
1.9131913191319132,1.450829046928797
1.9141914191419143,0.9899874228238448
1.915191519151915,1.24118688716916
1.9161916191619162,1.1916713925352191
1.9171917191719172,1.2245488966042097
1.9181918191819183,1.3145636632170792
1.9191919191919191,1.2532320198325968
1.9201920192019202,0.9512315405234415
1.9211921192119212,1.496098541484225
1.9221922192219223,1.1313764554769552
1.9231923192319231,1.393166549402359
1.9241924192419242,1.7595093355904732
1.9251925192519252,1.1601749816307496
1.9261926192619263,0.8373369317262817
1.9271927192719271,1.2855195316531227
1.9281928192819282,1.5622216122507222
1.9291929192919293,1.7329918214661373
1.93019301930193,1.0946883605738855
1.9311931193119312,1.4391973443914554
1.9321932193219322,1.2460378687179037
1.9331933193319333,1.3171359588543636
1.9341934193419341,1.8664031479843994
1.9351935193519352,1.0361324115592496
1.9361936193619362,1.3866495292093162
1.9371937193719373,1.428598443832584
1.9381938193819381,1.5513583524767507
1.9391939193919392,1.3529220348395627
1.9401940194019403,1.3940428412224926
1.9411941194119413,1.2531933360741758
1.9421942194219421,1.3844217163161576
1.9431943194319432,1.2610140896317636
1.9441944194419443,1.4530060540806342
1.945194519451945,1.2537916322284663
1.9461946194619462,1.4021386714095998
1.9471947194719472,1.319853771544135
1.9481948194819483,1.5498869538265894
1.9491949194919491,1.3133515360488923
1.9501950195019502,0.9679599525747075
1.9511951195119512,1.5738696815043653
1.9521952195219523,1.1392406080626563
1.9531953195319531,1.1885182218324264
1.9541954195419542,1.1990063699541718
1.9551955195519553,1.5918760885885008
1.9561956195619563,0.8886861551566336
1.9571957195719571,1.9421859050051975
1.9581958195819582,1.5246454189484384
1.9591959195919593,1.3568623442866106
1.96019601960196,1.2999988987544995
1.9611961196119612,1.3668342726928393
1.9621962196219622,1.4126763127112985
1.9631963196319633,1.4362059137645755
1.9641964196419641,1.4169772500058273
1.9651965196519652,1.3224486351581364
1.9661966196619662,1.263723530713873
1.9671967196719673,1.2715778402905629
1.9681968196819681,1.2614746829035615
1.9691969196919692,1.5258167540557233
1.9701970197019703,1.4163630233711464
1.9711971197119713,0.7081454402302134
1.9721972197219722,1.4259573509467236
1.9731973197319732,1.3322610002304531
1.9741974197419743,1.2880911104759445
1.975197519751975,1.212630804849388
1.9761976197619762,1.5136412055091213
1.9771977197719772,1.476790652172156
1.9781978197819783,1.1311590571878154
1.9791979197919791,1.365576813261279
1.9801980198019802,1.0882493101326578
1.9811981198119812,1.0050538641834117
1.9821982198219823,1.1540134347284052
1.9831983198319831,1.4501975032773013
1.9841984198419842,1.4666882986596232
1.9851985198519853,1.377007411733743
1.9861986198619863,1.4177190870144658
1.9871987198719872,1.374227759991956
1.9881988198819882,1.1409705353738604
1.9891989198919893,1.353908702799753
1.99019901990199,1.4258460353661022
1.9911991199119912,1.4148449399010794
1.9921992199219922,1.4999745099080455
1.9931993199319933,1.4020403964219945
1.9941994199419941,1.3288397019323566
1.9951995199519952,1.4707331967260693
1.9961996199619962,1.2495346549147588
1.9971997199719973,1.076582417894494
1.9981998199819981,1.2184450957555288
1.9991999199919992,1.1001618151159203
2.000200020002,1.1121732765889714
2.001200120012001,1.216354534511509
2.002200220022002,1.0848063894255666
2.003200320032003,1.17971295965077
2.0042004200420043,0.8605800309508129
2.0052005200520053,1.279942231963163
2.0062006200620064,1.2354879604123197
2.007200720072007,1.0697753847484148
2.008200820082008,1.362971383854499
2.009200920092009,1.4165483340423157
2.01020102010201,0.9054173314407244
2.0112011201120112,1.0722623128990256
2.0122012201220123,1.0688397552505788
2.0132013201320134,1.0325315804237727
2.0142014201420144,1.3842341906005984
2.015201520152015,1.1773840901945705
2.016201620162016,1.1610395483683127
2.017201720172017,0.8109463749020243
2.018201820182018,1.3365619477196515
2.0192019201920193,0.9593693503571649
2.0202020202020203,1.2169334685448046
2.0212021202120214,1.2581315012619276
2.022202220222022,1.472480295276254
2.023202320232023,0.9362602839692885
2.024202420242024,0.5917810802886735
2.025202520252025,1.2300959635085726
2.0262026202620262,1.5510542656211155
2.0272027202720273,1.4363507432749814
2.0282028202820284,1.2280863054075186
2.0292029202920294,1.0854036796180115
2.03020302030203,1.3427155143569283
2.031203120312031,0.9841254571708414
2.032203220322032,1.2716336175027714
2.033203320332033,1.2749671677978947
2.0342034203420343,1.3834099377208942
2.0352035203520353,1.7207785750272402
2.0362036203620364,1.2447922060485217
2.037203720372037,1.0619626114909488
2.038203820382038,1.1560707219043482
2.039203920392039,0.8047846205340292
2.04020402040204,1.0170554084185381
2.0412041204120412,1.0715238433174532
2.0422042204220423,1.0459290587860113
2.0432043204320434,1.1785682800164188
2.0442044204420444,0.9809480955722295
2.045204520452045,1.3669572512754875
2.046204620462046,1.1400958767207534
2.047204720472047,1.1354821071618222
2.048204820482048,1.0690353497448624
2.0492049204920493,1.1629090184789923
2.0502050205020503,1.2941316440140689
2.0512051205120514,0.9529116324509106
2.052205220522052,0.9919246925677383
2.053205320532053,1.0599977855430214
2.054205420542054,0.8487485502030327
2.055205520552055,0.951235706501882
2.0562056205620562,1.0169925052062387
2.0572057205720573,1.2842488341226568
2.0582058205820584,1.1590025578192855
2.0592059205920594,1.1423126043836052
2.06020602060206,1.2708636414647085
2.061206120612061,1.0702842765765
2.062206220622062,1.1729114099412414
2.063206320632063,1.0712191784046738
2.0642064206420643,1.1419664347975331
2.0652065206520653,0.9693580804558674
2.0662066206620664,0.5951477034483463
2.067206720672067,1.0530421674726884
2.068206820682068,1.3614200999163082
2.069206920692069,1.2590717008913366
2.07020702070207,1.2638520077274882
2.0712071207120712,1.3149283564922467
2.0722072207220723,1.0823493116110834
2.0732073207320734,1.1009824658365954
2.0742074207420744,0.9348764962070548
2.075207520752075,0.9920659460493433
2.076207620762076,1.175294551878187
2.077207720772077,1.289763249084319
2.078207820782078,1.0179294543079669
2.0792079207920793,0.9525995860023033
2.0802080208020803,1.0395482163306218
2.0812081208120814,1.1564756909668257
2.082208220822082,0.7442417012383264
2.083208320832083,0.5705414800593849
2.084208420842084,0.9164220668690092
2.085208520852085,0.7791255550874727
2.0862086208620862,0.918365519870292
2.0872087208720873,0.9871500092336684
2.0882088208820884,0.9227559787341889
2.0892089208920894,1.3005859090270708
2.09020902090209,1.072115331437526
2.091209120912091,1.0635225429772885
2.092209220922092,1.1245177905432584
2.093209320932093,0.7689459096074165
2.0942094209420943,1.2011586260520568
2.0952095209520953,0.9747947944815057
2.0962096209620964,1.120642890726157
2.097209720972097,0.7687622534893226
2.098209820982098,0.6689567827108998
2.099209920992099,1.139849292603134
2.1002100210021,1.048104167438481
2.1012101210121013,0.7889510161712516
2.1022102210221023,0.7919560272739701
2.1032103210321034,1.1874912572100267
2.1042104210421044,0.7210260081003698
2.105210521052105,1.283935583040701
2.106210621062106,0.7717580609452691
2.107210721072107,1.076030509229418
2.108210821082108,0.8790871374901176
2.1092109210921093,1.061895911809999
2.1102110211021103,0.8288721952349857
2.1112111211121114,0.9015620548712183
2.112211221122112,0.9387192757693253
2.113211321132113,0.7265020126848605
2.114211421142114,1.071497789545678
2.115211521152115,0.8170730727301145
2.1162116211621163,0.8703682134803916
2.1172117211721173,0.7135803736733065
2.1182118211821184,0.39633530750562906
2.1192119211921194,0.8669381136731406
2.12021202120212,1.3839983118704198
2.121212121212121,1.0547176796036164
2.122212221222122,0.890256472894393
2.1232123212321232,0.8378323418980242
2.1242124212421243,0.8911959775384194
2.1252125212521253,0.9924093463550143
2.1262126212621264,0.6430962189885902
2.127212721272127,1.0983870158849918
2.128212821282128,1.0148535733962072
2.129212921292129,1.0116599300450528
2.13021302130213,0.9519543517761124
2.1312131213121313,0.8644100029448744
2.1322132213221323,0.991277538524189
2.1332133213321334,0.971277995269931
2.1342134213421344,0.7783082660011886
2.135213521352135,0.7305887614390236
2.136213621362136,0.861864657214905
2.137213721372137,1.1474733915399247
2.1382138213821382,0.586015697203184
2.1392139213921393,0.5364917058287646
2.1402140214021403,0.8591005774144858
2.1412141214121414,0.8324697117081183
2.142214221422142,0.8530964872462045
2.143214321432143,0.863347107178442
2.144214421442144,0.7660367698437626
2.145214521452145,1.104763211806158
2.1462146214621463,0.48271569246557855
2.1472147214721473,0.6332958190822693
2.1482148214821484,0.7744358911491517
2.1492149214921494,0.46253369522724314
2.15021502150215,0.7520782982744898
2.151215121512151,1.1156141541238282
2.152215221522152,0.7835616936611269
2.1532153215321532,0.8215822988643229
2.1542154215421543,0.5194604469803878
2.1552155215521553,0.6442660755453884
2.1562156215621564,0.6885378277224923
2.157215721572157,0.6960667355958122
2.158215821582158,1.0119651850375877
2.159215921592159,0.8631954449753233
2.16021602160216,0.5253807000786099
2.1612161216121613,0.7929826741292036
2.1622162216221623,0.8393299803144487
2.1632163216321634,0.963713952892525
2.1642164216421644,1.0477855170276922
2.165216521652165,0.5246466137200184
2.166216621662166,0.5614769782910584
2.167216721672167,0.4681110118359805
2.1682168216821682,0.6687959084112071
2.1692169216921693,0.8048401644757962
2.1702170217021703,0.9049994345286577
2.1712171217121714,0.688301920220223
2.172217221722172,0.6354778863006576
2.173217321732173,0.7257500481241013
2.174217421742174,0.5243168415442688
2.175217521752175,1.105196172925379
2.1762176217621763,0.3616953857350252
2.1772177217721773,0.7161111469857803
2.1782178217821784,1.0798161144750473
2.1792179217921794,0.6723832005108377
2.18021802180218,0.6289404295573456
2.181218121812181,0.5913809236494408
2.182218221822182,0.6227103331731633
2.1832183218321832,0.9292740386546426
2.1842184218421843,0.20824477199520786
2.1852185218521853,0.9532139651228936
2.1862186218621864,0.3576432489886537
2.187218721872187,0.5850091764452551
2.188218821882188,0.5483933536591459
2.189218921892189,0.7478532443518834
2.19021902190219,0.3064159548096678
2.1912191219121913,0.7143716003727644
2.1922192219221923,1.0226933662451072
2.1932193219321934,0.34108927304559006
2.1942194219421944,0.6475563234897592
2.195219521952195,0.47310817991431087
2.196219621962196,0.6865702177840238
2.197219721972197,0.6011092549125261
2.1982198219821982,0.46486812874073935
2.1992199219921993,0.6866247934769636
2.2002200220022003,0.9458039260101835
2.2012201220122014,0.5426367817805655
2.202220222022202,0.7206517602350563
2.203220322032203,0.31392773475158153
2.204220422042204,0.37717685570486437
2.205220522052205,0.6588269691319207
2.2062206220622063,0.8570504071535684
2.2072207220722073,0.627231392286294
2.2082208220822084,0.4893787986140926
2.2092209220922094,0.5477306571343773
2.21022102210221,0.29367321787764605
2.211221122112211,0.6605407641144558
2.212221222122212,0.7119879193930116
2.2132213221322132,0.44098765082196656
2.2142214221422143,0.4332826292279855
2.2152215221522153,0.5763531056766561
2.2162216221622164,0.4317211018064758
2.217221722172217,0.5017274324642891
2.218221822182218,0.9307886655808775
2.219221922192219,0.4573310948833978
2.22022202220222,0.43096183584544384
2.2212221222122213,0.36901696933314154
2.2222222222222223,0.6432611510761537
2.2232223222322234,0.4540774397115806
2.2242224222422244,0.3563494047305632
2.225222522252225,0.7463889065819336
2.226222622262226,0.7619552677168651
2.227222722272227,0.3538591285928939
2.2282228222822282,0.09654776393854403
2.2292229222922293,0.667273271508547
2.2302230223022304,0.32476234390472547
2.2312231223122314,0.6157343299167974
2.232223222322232,0.05951260240510259
2.233223322332233,0.6279803736214721
2.234223422342234,0.20315757357177433
2.235223522352235,0.5874794794416321
2.2362236223622363,0.44011973738720245
2.2372237223722373,0.24241960935029006
2.2382238223822384,0.34774663046339116
2.2392239223922394,0.5623681438189174
2.24022402240224,0.4422381910929875
2.241224122412241,0.5339011623222936
2.242224222422242,0.8082704955989164
2.2432243224322432,0.09610254446376698
2.2442244224422443,0.7283666744158392
2.2452245224522454,0.4217735728391749
2.2462246224622464,0.21712886358994754
2.247224722472247,0.1268114266614095
2.248224822482248,0.35104387138020354
2.249224922492249,0.5691972172606534
2.25022502250225,0.35536219209552106
2.2512251225122513,0.6791135277062244
2.2522252225222523,0.0826637614465513
2.2532253225322534,0.36650342800923347
2.2542254225422544,0.11447093502373429
2.255225522552255,0.4337106227228351
2.256225622562256,0.5344026900965677
2.257225722572257,0.2689202902937502
2.2582258225822582,-0.17171608692701668
2.2592259225922593,0.3849770747345877
2.2602260226022604,0.4286027693455728
2.2612261226122614,0.4181886031398457
2.262226222622262,0.5805677898986811
2.263226322632263,0.1152895477716861
2.264226422642264,0.46163979610571737
2.265226522652265,0.5602018541572564
2.2662266226622663,-0.03790577716339899
2.2672267226722673,0.37786122993440907
2.2682268226822684,0.20922188640712763
2.2692269226922694,0.28988829399788707
2.27022702270227,0.3718712146850873
2.271227122712271,0.20104153284835835
2.272227222722272,0.1595053206330011
2.2732273227322732,0.2976455984000104
2.2742274227422743,0.06954271752274446
2.2752275227522754,0.06601240594546942
2.2762276227622764,0.41524647461401754
2.277227722772277,0.045816380757866204
2.278227822782278,0.40505016454835213
2.279227922792279,0.3605276294120707
2.28022802280228,-0.08092091571716659
2.2812281228122813,0.12496803405943813
2.2822282228222823,0.49555297719742786
2.2832283228322834,0.05675784201056355
2.2842284228422844,0.15637978874811043
2.285228522852285,0.3379524755977701
2.286228622862286,0.39850813846021427
2.287228722872287,0.18782220382585565
2.2882288228822882,0.11493821185580107
2.2892289228922893,0.5152349384676416
2.2902290229022904,0.57487217972927
2.2912291229122914,0.4192058230918183
2.292229222922292,0.2368506118311701
2.293229322932293,0.05449753275492403
2.294229422942294,0.046436531551269644
2.295229522952295,0.3134141300040144
2.2962296229622963,0.28898812747690206
2.2972297229722973,0.4820367720998836
2.2982298229822984,0.32822715534237457
2.2992299229922994,-0.10604721018730526
2.3002300230023,0.40140183357243187
2.301230123012301,-0.01214449287756858
2.302230223022302,0.10714067923410492
2.3032303230323032,0.230454369805456
2.3042304230423043,0.5760394303602498
2.3052305230523054,0.795393571009291
2.3062306230623064,0.291270836842467
2.307230723072307,0.12981581812856002
2.308230823082308,0.2698978535221278
2.309230923092309,0.33708216908830463
2.31023102310231,0.09198480964966659
2.3112311231123113,0.5117408597600092
2.3122312231223123,0.19530610898807294
2.3132313231323134,0.24544716965638647
2.3142314231423144,0.275703333982188
2.315231523152315,0.22346918496485063
2.316231623162316,0.30358689979567915
2.317231723172317,0.009008766447302238
2.3182318231823182,0.017473433373182218
2.3192319231923193,-0.09420879697488282
2.3202320232023204,0.21042455449282738
2.3212321232123214,0.27502796888933057
2.322232223222322,0.20752580961177866
2.323232323232323,0.4476146064557591
2.324232423242324,0.10835622099147549
2.325232523252325,0.2399975882860984
2.3262326232623263,-0.11530245282485499
2.3272327232723273,0.022420984862658505
2.3282328232823284,0.2357665219420615
2.3292329232923294,0.2633123836626654
2.33023302330233,0.03154661247176926
2.331233123312331,0.07288334441098016
2.332233223322332,-0.21949310712029302
2.3332333233323332,0.009569605992463079
2.3342334233423343,0.2559613406267652
2.3352335233523354,0.18985053154347015
2.3362336233623364,0.1718831518957139
2.337233723372337,0.0786609829827006
2.338233823382338,0.06709097302047519
2.339233923392339,-0.0693978343830893
2.34023402340234,0.19943618433574797
2.3412341234123413,0.14088534806918784
2.3422342234223423,0.1521310367868144
2.3432343234323434,-0.05442684782026083
2.3442344234423445,-0.38281916834617974
2.345234523452345,0.2643657895756546
2.346234623462346,-0.053729780979313815
2.347234723472347,-0.13339825404734687
2.3482348234823482,0.1749886887835314
2.3492349234923493,-0.04495670186980187
2.3502350235023504,0.2426030270939643
2.3512351235123514,0.15120396061763985
2.352235223522352,0.1617208431990934
2.353235323532353,-0.2509626777950348
2.354235423542354,0.26185611542259773
2.355235523552355,0.06897373588187272
2.3562356235623563,-0.05985794077272165
2.3572357235723573,0.03996667228302393
2.3582358235823584,-0.34664885420628627
2.3592359235923595,0.08765577694852075
2.36023602360236,-0.20260416971375567
2.361236123612361,-0.26990102734557503
2.362236223622362,-0.30645784388663144
2.3632363236323632,0.21795078188576644
2.3642364236423643,-0.13302222460234367
2.3652365236523654,0.29701166015942476
2.3662366236623664,-0.11944011117934442
2.367236723672367,-0.35627886584763374
2.368236823682368,-0.24062105598166567
2.369236923692369,0.2273559048954146
2.37023702370237,-0.05345758347122812
2.3712371237123713,-0.1343881345042915
2.3722372237223723,0.004839122546127478
2.3732373237323734,0.07077713486868137
2.3742374237423745,0.19150449584909401
2.375237523752375,0.255347834869209
2.376237623762376,-0.10866329712630636
2.377237723772377,-0.3042574000826177
2.3782378237823782,-0.12405985367565253
2.3792379237923793,0.00838973125108583
2.3802380238023804,-0.23869822099181115
2.3812381238123814,-0.23963712922308916
2.382238223822382,0.018309746317213327
2.383238323832383,-0.06239948646061684
2.384238423842384,-0.048311035483572115
2.385238523852385,-0.208751082764144
2.3862386238623863,-0.1052938340514245
2.3872387238723873,-0.24620202158569388
2.3882388238823884,0.11456262910619225
2.3892389238923895,0.14147126112041292
2.39023902390239,-0.43689755747762044
2.391239123912391,-0.2556232976857101
2.392239223922392,-0.37106781433851616
2.3932393239323932,-0.203787221311463
2.3942394239423943,-0.09247007005283447
2.3952395239523954,-0.36769107011425045
2.3962396239623964,-0.26409298589839225
2.397239723972397,-0.2824508811578509
2.398239823982398,-0.04212365079899319
2.399239923992399,-0.07160522652905692
2.4002400240024,-0.2316977907871175
2.4012401240124013,-0.05384144316328309
2.4022402240224023,-0.2003760663897886
2.4032403240324034,-0.14718454171161702
2.4042404240424045,0.24004444529902352
2.405240524052405,0.17167485612912575
2.406240624062406,-0.3580838576192883
2.407240724072407,0.0660497958469794
2.4082408240824082,0.06067477645702374
2.4092409240924093,-0.3329437566243306
2.4102410241024104,0.05879919844401946
2.4112411241124114,0.20098620488120283
2.412241224122412,-0.33273155644848107
2.413241324132413,-0.29332409533166215
2.414241424142414,0.09212935436644415
2.415241524152415,-0.05866170985648754
2.4162416241624163,-0.004201729131033727
2.4172417241724173,-0.047893686978503755
2.4182418241824184,-0.03936518165363166
2.4192419241924195,-0.38426987295794257
2.42024202420242,0.08903880952344373
2.421242124212421,0.11206582115823038
2.422242224222422,-0.16913589146312027
2.4232423242324233,-0.13333677730795526
2.4242424242424243,-0.432224572308369
2.4252425242524254,-0.02449180599179178
2.4262426242624264,-0.014248917194947475
2.427242724272427,-0.14239418303261983
2.428242824282428,0.09364122887384241
2.429242924292429,-0.1992962065694368
2.43024302430243,-0.02078871152150931
2.4312431243124313,-0.3388496858831279
2.4322432243224323,-0.1408119217634683
2.4332433243324334,-0.1721347363133363
2.4342434243424345,-0.09334238169016672
2.435243524352435,-0.21342709079499816
2.436243624362436,-0.16691159082300683
2.437243724372437,0.023519397218619398
2.4382438243824383,-0.23009342043480402
2.4392439243924393,-0.4650840722313626
2.4402440244024404,0.2051425330116275
2.4412441244124414,0.13053348121409786
2.442244224422442,-0.4051704263177789
2.443244324432443,-0.00971432105887915
2.444244424442444,-0.2491662498606464
2.4452445244524452,-0.09676666278347937
2.4462446244624463,-0.09148946506281457
2.4472447244724473,-0.19806339015565563
2.4482448244824484,-0.3087598367779044
2.4492449244924495,-0.2909171030003403
2.45024502450245,-0.3368267616222624
2.451245124512451,-0.320709585915831
2.452245224522452,-0.16851483125930378
2.4532453245324533,-0.2989424476078901
2.4542454245424543,-0.02006854589692561
2.4552455245524554,0.14030454405510412
2.4562456245624564,-0.2737982688204613
2.457245724572457,-0.1105268472201299
2.458245824582458,-0.0590680338207101
2.459245924592459,-0.06517908139459828
2.4602460246024602,-0.14494012304836718
2.4612461246124613,-0.012123486425221403
2.4622462246224623,-0.06471611733944682
2.4632463246324634,-0.40918146717687365
2.4642464246424645,0.011722024684108656
2.465246524652465,0.014911648696992075
2.466246624662466,-0.3156181905136497
2.467246724672467,-0.15576496999270528
2.4682468246824683,-0.027055419375949574
2.4692469246924693,-0.2059297739758126
2.4702470247024704,0.05020569744614281
2.4712471247124714,0.3080845753395306
2.472247224722472,-0.3221642513688922
2.473247324732473,-0.4414301977058094
2.474247424742474,-0.10468890320329435
2.4752475247524752,-0.02134858244974472
2.4762476247624763,-0.21201993902635416
2.4772477247724773,0.12464276341783376
2.4782478247824784,-0.43387036380570126
2.4792479247924795,-0.027682449758321293
2.48024802480248,-0.2875324520158591
2.481248124812481,0.1774440289318061
2.482248224822482,0.23202309413900912
2.4832483248324833,-0.31983688761141027
2.4842484248424843,-0.2764197706495747
2.4852485248524854,0.005429269342624415
2.4862486248624864,-0.24387160592943524
2.487248724872487,-0.17546210380966404
2.488248824882488,-0.1612137905404616
2.489248924892489,-0.5501149651679299
2.4902490249024902,-0.1688140027985475
2.4912491249124913,-0.3038354047715046
2.4922492249224923,-0.26433510473801747
2.4932493249324934,0.12321785818699904
2.4942494249424945,-0.41658525442479605
2.495249524952495,-0.0023955217935902606
2.496249624962496,-0.22055919982792246
2.497249724972497,-0.22042609448785386
2.4982498249824983,-0.0060845432103922015
2.4992499249924993,-0.09581096277062558
2.5002500250025004,-0.049338382991957794
2.5012501250125014,0.03055870274691691
2.502250225022502,-0.22893466460422146
2.503250325032503,-0.2846926314989654
2.504250425042504,-0.37882525172349824
2.5052505250525052,-0.3264047073932478
2.5062506250625063,0.428991206699105
2.5072507250725073,0.08862550921017051
2.5082508250825084,-0.4299856908120784
2.5092509250925095,-0.42370053287888276
2.51025102510251,-0.06225159855711013
2.511251125112511,-0.048565499106749524
2.512251225122512,-0.047613151225167016
2.5132513251325133,-0.20773038325669807
2.5142514251425143,-0.18115726469196242
2.5152515251525154,-0.08979561403934988
2.5162516251625164,-0.1374759787807103
2.517251725172517,-0.5977757085051746
2.518251825182518,-0.1991146452991677
2.519251925192519,-0.32265316194333193
2.5202520252025202,-0.11652485806259053
2.5212521252125213,0.4463112401113896
2.5222522252225223,-0.07639583945453947
2.5232523252325234,-0.21172795805738764
2.5242524252425245,0.03623015181409764
2.525252525252525,-0.05067902252572459
2.526252625262526,-0.062262521823322994
2.527252725272527,-0.02395453549602436
2.5282528252825283,0.2669623638172677
2.5292529252925293,-0.36952423929514167
2.5302530253025304,-0.04759889608967213
2.5312531253125314,-0.3265589016586844
2.532253225322532,-0.029116165217158485
2.533253325332533,-0.3228707206177426
2.534253425342534,-0.2215002610592102
2.5352535253525352,-0.19591716932718145
2.5362536253625363,0.059413008415627105
2.5372537253725373,0.049110490055345624
2.5382538253825384,-0.3825329058449852
2.5392539253925395,-0.12119066371811218
2.54025402540254,-0.2728605915251068
2.541254125412541,-0.3813918731728268
2.542254225422542,-0.17181976465384297
2.5432543254325433,-0.18881762687387915
2.5442544254425443,0.3595382036284896
2.5452545254525454,-0.03787652237732353
2.5462546254625464,-0.39863481100942966
2.547254725472547,-0.23468842569132797
2.548254825482548,0.08394116791445813
2.549254925492549,0.2987715823118903
2.5502550255025502,-0.43467479376901036
2.5512551255125513,-0.4920039092982417
2.5522552255225524,0.2596532953182413
2.5532553255325534,-0.03511748367432585
2.5542554255425545,-0.28517938291307154
2.555255525552555,-0.003055541506914672
2.556255625562556,-0.6355715010543491
2.557255725572557,-0.10616758700998415
2.5582558255825583,-0.03967939833923444
2.5592559255925593,0.08122917127501311
2.5602560256025604,-0.30476562031036647
2.5612561256125614,-0.08319099133237863
2.562256225622562,-0.2837358348711114
2.563256325632563,-0.04587720929110018
2.564256425642564,-0.27430691351103587
2.5652565256525652,-0.17512221713986073
2.5662566256625663,-0.29091031468627226
2.5672567256725674,0.04025396489138608
2.5682568256825684,0.08350995493822302
2.5692569256925695,-0.13329238100183421
2.57025702570257,-0.07688975752539744
2.571257125712571,-0.3724058976993951
2.572257225722572,-0.14075444989862568
2.5732573257325733,-0.08897287567973249
2.5742574257425743,0.44713242767506023
2.5752575257525754,-0.29749532071879764
2.5762576257625764,0.2196762392433938
2.577257725772577,0.12817360355122268
2.578257825782578,-0.013091544993470192
2.579257925792579,0.28450278102251847
2.5802580258025802,0.009215389909588673
2.5812581258125813,0.014659762531068612
2.5822582258225824,-0.07174464734406412
2.5832583258325834,0.18566266588306998
2.5842584258425845,0.16232990238546882
2.585258525852585,-0.17999456237718076
2.586258625862586,-0.31658611844482587
2.587258725872587,-0.09119288382562146
2.5882588258825883,-0.20844713685387456
2.5892589258925893,-0.058969686563728835
2.5902590259025904,0.2034147377634443
2.5912591259125914,-0.13332419800982095
2.592259225922592,-0.04820247236815018
2.593259325932593,-0.025790221143755804
2.594259425942594,0.1345513012778925
2.5952595259525952,-0.48223607682375486
2.5962596259625963,-0.15190492496914734
2.5972597259725974,0.014001801437595926
2.5982598259825984,0.21408727380093404
2.5992599259925995,-0.12196619192617386
2.6002600260026,-0.3965371286138587
2.601260126012601,0.10509102065035872
2.602260226022602,-0.14353232026585308
2.6032603260326033,-0.2519857383033851
2.6042604260426043,-0.1364981361838703
2.6052605260526054,-0.04609496757829666
2.6062606260626064,-0.12768395161906726
2.607260726072607,-0.44537773698775684
2.608260826082608,0.17763472290586352
2.609260926092609,0.2556979164618943
2.6102610261026102,0.13354404584924864
2.6112611261126113,-0.22176553382264838
2.6122612261226124,-0.0319796424355849
2.6132613261326134,0.009576474416168417
2.6142614261426145,0.133216594610543
2.615261526152615,0.14971759642728638
2.616261626162616,-0.1281787802011157
2.617261726172617,0.0376761662486947
2.6182618261826183,0.11536870101965625
2.6192619261926193,0.31772703408278413
2.6202620262026204,0.1701281058412076
2.6212621262126214,0.1897165360174784
2.622262226222622,0.05136299055700417
2.623262326232623,0.3193959190693654
2.624262426242624,0.1219769253244323
2.6252625262526252,-0.12945919677828768
2.6262626262626263,0.32618003295992193
2.6272627262726274,0.1878478727758209
2.6282628262826284,-0.0375669902994409
2.6292629262926295,-0.04206887732471386
2.63026302630263,0.11594592380820555
2.631263126312631,0.15208195826460613
2.632263226322632,0.10173061157405716
2.6332633263326333,0.12737391577270615
2.6342634263426343,0.4079564302283781
2.6352635263526354,0.2851389993788318
2.6362636263626364,0.11183542759943191
2.637263726372637,0.26486077973018013
2.638263826382638,-0.12700346244428068
2.639263926392639,0.16200156965167972
2.6402640264026402,0.44720434361744804
2.6412641264126413,0.044672766732709875
2.6422642264226424,-0.0782941244774574
2.6432643264326434,-0.03622267293577029
2.6442644264426445,-0.1207574465928362
2.645264526452645,-0.056797667992236026
2.646264626462646,0.02905002710493544
2.647264726472647,-0.17495355996046735
2.6482648264826483,0.11230285467955395
2.6492649264926493,0.29266499639647625
2.6502650265026504,-0.06630038845369146
2.6512651265126514,0.4221597125634098
2.652265226522652,0.22352410194753092
2.653265326532653,0.33055511544026445
2.654265426542654,-0.004044159496923272
2.6552655265526552,0.301521869451986
2.6562656265626563,-0.08466568283611103
2.6572657265726574,0.3148849514003782
2.6582658265826584,0.17432763403430115
2.6592659265926595,0.2537441655590533
2.66026602660266,-0.08888112391057401
2.661266126612661,-0.029622696165583606
2.662266226622662,0.2719998694366679
2.6632663266326633,-0.03394306439795308
2.6642664266426643,0.2515493411870614
2.6652665266526654,-0.11132881829387514
2.6662666266626665,0.3349332376857293
2.667266726672667,-0.07799774594428133
2.668266826682668,0.28218417365676207
2.669266926692669,0.30007626654486164
2.6702670267026702,0.03883011151950938
2.6712671267126713,0.2978325626066026
2.6722672267226724,0.23676673112778968
2.6732673267326734,0.08016906827237585
2.6742674267426745,-0.010506328181002222
2.675267526752675,-0.19804547639931375
2.676267626762676,0.2676924847923856
2.677267726772677,-0.11190762970803958
2.6782678267826783,0.22341972508274244
2.6792679267926793,0.15496658940027402
2.6802680268026804,0.3467973971484655
2.6812681268126815,0.1538794886996684
2.682268226822682,0.1517257898750834
2.683268326832683,0.36732313332823263
2.684268426842684,0.2913010050190337
2.6852685268526852,0.29086763326488124
2.6862686268626863,0.3248435126674559
2.6872687268726874,-0.07276449257681389
2.6882688268826884,0.38907386401108457
2.6892689268926895,0.36358221534853963
2.69026902690269,0.041130165827951926
2.691269126912691,0.1990349120481963
2.692269226922692,0.24337951841687916
2.6932693269326933,0.22773721572381855
2.6942694269426943,0.32480966357578017
2.6952695269526954,0.5477174986924683
2.6962696269626965,0.4812092076630474
2.697269726972697,0.005828864241499809
2.698269826982698,0.3961085359768165
2.699269926992699,0.5409079041284246
2.7002700270027002,0.35591438705550543
2.7012701270127013,0.5001848240631346
2.7022702270227024,0.687883370661772
2.7032703270327034,0.49361609256100736
2.7042704270427045,0.3421850365080388
2.705270527052705,0.5047942513288353
2.706270627062706,0.32821134020121884
2.707270727072707,0.3074754500732251
2.7082708270827083,0.23587678568539283
2.7092709270927093,0.6223106923888333
2.7102710271027104,0.1494141444126706
2.7112711271127115,0.6230486215042965
2.712271227122712,0.42002631508575633
2.713271327132713,0.04367375677346058
2.714271427142714,0.400549312199851
2.7152715271527152,-0.08949855272108698
2.7162716271627163,0.45909835362084395
2.7172717271727174,0.514535627468058
2.7182718271827184,0.22251317249826913
2.7192719271927195,0.36919126073900255
2.72027202720272,0.7388127644466878
2.721272127212721,0.2503335643473795
2.722272227222722,0.14320495983224768
2.7232723272327233,0.6548245475735824
2.7242724272427243,0.75451638614351
2.7252725272527254,0.36624672788448426
2.7262726272627265,0.5713102840805989
2.727272727272727,0.6408242551687233
2.728272827282728,0.22754480586454456
2.729272927292729,0.28249412461938794
2.7302730273027302,0.62924476652457
2.7312731273127313,0.7235880986938827
2.7322732273227324,0.5026774749958611
2.7332733273327334,0.2176550474316262
2.7342734273427345,0.7945471851420793
2.735273527352735,0.2944581318760455
2.736273627362736,0.3371422824088244
2.737273727372737,0.47615498605704476
2.7382738273827383,0.7220370120180899
2.7392739273927393,0.5855174351412586
2.7402740274027404,0.5012123302943667
2.7412741274127415,0.5144134804294467
2.742274227422742,0.4339746816347246
2.743274327432743,0.5404149293216886
2.744274427442744,-0.07361052972495663
2.7452745274527453,0.3764935103340003
2.7462746274627463,0.4875918386447932
2.7472747274727474,0.2126358940639223
2.7482748274827484,0.5236133197202381
2.7492749274927495,0.4089629204077392
2.75027502750275,0.8044592528327357
2.751275127512751,0.7714733241481823
2.752275227522752,0.3672117260589242
2.7532753275327533,0.43370683088185874
2.7542754275427543,0.4525843438426622
2.7552755275527554,0.38053927411196525
2.7562756275627565,0.5133711855310703
2.757275727572757,0.3262023799657793
2.758275827582758,0.2552257962918927
2.759275927592759,0.6093785212483684
2.7602760276027603,0.6142268295465492
2.7612761276127613,0.33093949970364767
2.7622762276227624,0.6743524593432539
2.7632763276327634,0.37244141172874423
2.7642764276427645,0.5528623328280232
2.765276527652765,0.6697670394426898
2.766276627662766,0.5024411807609281
2.7672767276727672,0.6035737193253619
2.7682768276827683,0.41279771935794723
2.7692769276927693,0.4802445926612898
2.7702770277027704,0.48181631659183083
2.7712771277127715,0.37711874163774844
2.772277227722772,0.4945215841205025
2.773277327732773,0.22359044357222696
2.774277427742774,0.43851660482996335
2.7752775277527753,0.48320095464843543
2.7762776277627763,0.4923641342108711
2.7772777277727774,0.49871984375917483
2.7782778277827784,0.5380808428765486
2.7792779277927795,0.6497313232774147
2.78027802780278,0.7321506437523143
2.781278127812781,0.4306931511910136
2.7822782278227822,0.3233996377644449
2.7832783278327833,0.35901906996629424
2.7842784278427843,0.4733699300552076
2.7852785278527854,0.5038031183082364
2.7862786278627865,0.423559229679202
2.787278727872787,0.32170025274221137
2.788278827882788,0.4930585329429626
2.789278927892789,0.6239209944177461
2.7902790279027903,0.709988283968263
2.7912791279127913,0.4828381387746927
2.7922792279227924,0.515057071898672
2.7932793279327934,0.4156442803826442
2.7942794279427945,0.5980167237690848
2.795279527952795,0.43793264795822506
2.796279627962796,0.7255508474746855
2.7972797279727972,0.25705188179300303
2.7982798279827983,0.5455920190442031
2.7992799279927993,0.6810249658443355
2.8002800280028004,0.6608486104140785
2.8012801280128015,1.1659592077625618
2.802280228022802,0.7005757008204687
2.803280328032803,0.4330603455060699
2.804280428042804,0.618026227812484
2.8052805280528053,0.2851097621036923
2.8062806280628063,0.6274710660033643
2.8072807280728074,0.48020372378514553
2.8082808280828084,0.8331087391081456
2.8092809280928095,0.5433301050850146
2.81028102810281,0.6330840782407477
2.811281128112811,0.5325163185781732
2.8122812281228122,1.0105802059178006
2.8132813281328133,0.6017347538989128
2.8142814281428143,1.035659310436481
2.8152815281528154,0.835133972481602
2.8162816281628165,0.7718637087025473
2.817281728172817,0.7523346624061906
2.818281828182818,0.7604759910045151
2.819281928192819,0.2993012453196443
2.8202820282028203,0.6321689468121856
2.8212821282128213,0.8600776226992333
2.8222822282228224,0.6843574372213265
2.8232823282328234,0.4161800974407286
2.8242824282428245,0.6898086223346178
2.825282528252825,1.04417221998273
2.826282628262826,0.9557811291635898
2.8272827282728272,0.6970436255072491
2.8282828282828283,0.9027658036181059
2.8292829282928293,0.6421958525161364
2.8302830283028304,0.377733943774883
2.8312831283128315,0.5366156734003869
2.832283228322832,1.0370767496797049
2.833283328332833,0.6726799299248477
2.834283428342834,0.681770636952765
2.8352835283528353,0.6734379277694553
2.8362836283628363,1.1171801788053726
2.8372837283728374,1.0644810100873727
2.8382838283828384,1.1859706252560855
2.8392839283928395,0.7133197872191633
2.84028402840284,0.8071567913039941
2.841284128412841,0.44759517638064983
2.8422842284228422,1.0491910081794036
2.8432843284328433,0.5231172094964552
2.8442844284428443,0.8028857061226413
2.8452845284528454,0.542915955614583
2.8462846284628465,0.6474372756462948
2.847284728472847,0.6005805652583245
2.848284828482848,0.6492685595796907
2.849284928492849,0.6658177008693706
2.8502850285028503,0.6667751022187348
2.8512851285128513,0.9458701741871924
2.8522852285228524,0.5609931963940678
2.8532853285328534,0.8288241583835745
2.8542854285428545,1.0310454990938314
2.855285528552855,0.6875397925693807
2.856285628562856,0.649308209492508
2.8572857285728572,0.749487434885858
2.8582858285828583,1.034225149401772
2.8592859285928593,0.8397766833149879
2.8602860286028604,0.697374575887269
2.8612861286128615,0.9030421983696504
2.862286228622862,0.5884449551244113
2.863286328632863,0.9477988164249922
2.864286428642864,0.8958588467085759
2.8652865286528653,0.755173033317204
2.8662866286628663,0.6516017123931301
2.8672867286728674,0.644553565600571
2.8682868286828684,0.9314107606770843
2.8692869286928695,1.0727875352359908
2.87028702870287,0.7020605579130181
2.871287128712871,0.9237165857998444
2.8722872287228722,0.41713737894119074
2.8732873287328733,0.7201091091879805
2.8742874287428744,0.8332970124486974
2.8752875287528754,0.6600344670129124
2.8762876287628765,0.6571183718374147
2.877287728772877,0.7132983148853342
2.878287828782878,0.9077133729072278
2.879287928792879,0.8142155856690776
2.8802880288028803,0.40642760589281757
2.8812881288128813,0.4323121270796347
2.8822882288228824,0.7374432103583418
2.8832883288328834,0.9527033768631744
2.8842884288428845,0.31400057304898166
2.885288528852885,0.7658766000392001
2.886288628862886,0.7628797135879145
2.8872887288728872,1.1480889910127614
2.8882888288828883,0.7956946699779646
2.8892889288928894,0.9515598190020826
2.8902890289028904,0.9054617796063533
2.8912891289128915,0.4533306726867867
2.892289228922892,1.035304264987659
2.893289328932893,0.9269461608566152
2.894289428942894,0.9877097607418184
2.8952895289528953,1.6734778326303639
2.8962896289628963,0.47356699874331476
2.8972897289728974,1.2374732006411955
2.8982898289828984,0.8371735922975339
2.8992899289928995,0.9542429974018187
2.9002900290029,0.889773736788622
2.901290129012901,0.8161126923279074
2.9022902290229022,0.7890619059153275
2.9032903290329033,0.9709834869161256
2.9042904290429044,0.6036849213955212
2.9052905290529054,1.0592580455814757
2.9062906290629065,0.8279104713182952
2.907290729072907,0.6871271727523708
2.908290829082908,0.8251146651739367
2.909290929092909,1.1685077449321333
2.9102910291029103,0.8119559788694718
2.9112911291129113,0.9926432066342242
2.9122912291229124,0.7766750693831108
2.9132913291329134,1.0763488543956157
2.9142914291429145,1.06374847467015
2.915291529152915,1.2982353836848133
2.916291629162916,0.8952517313775017
2.9172917291729172,1.0659305646763915
2.9182918291829183,0.9536323418645755
2.9192919291929194,1.194996535466819
2.9202920292029204,0.793843130268831
2.9212921292129215,1.0883821520077621
2.922292229222922,0.9021971349158333
2.923292329232923,0.9300384573429191
2.924292429242924,0.9629500537857713
2.9252925292529253,0.9967550381406449
2.9262926292629263,0.9247524630740813
2.9272927292729274,0.9926161058506152
2.9282928292829284,1.2669561374476572
2.9292929292929295,1.1500653542384636
2.93029302930293,1.128433037252407
2.931293129312931,0.8651047023743612
2.9322932293229322,0.7799586954143695
2.9332933293329333,1.1504449690447514
2.9342934293429344,1.136155934033214
2.9352935293529354,1.2570261302720824
2.9362936293629365,0.8432249713938824
2.937293729372937,0.9196241299941462
2.938293829382938,0.6391334379283146
2.939293929392939,0.8900160860875501
2.9402940294029403,1.1692880571256539
2.9412941294129413,0.8781221217963064
2.9422942294229424,1.1009479790483763
2.9432943294329434,0.9361657864540979
2.9442944294429445,1.0404757525004649
2.945294529452945,0.7475075466627426
2.946294629462946,0.9954527186316591
2.9472947294729472,0.38153215338642466
2.9482948294829483,0.9437121387827786
2.9492949294929494,0.6563122384421478
2.9502950295029504,1.2249047918500557
2.9512951295129515,1.1404698364277495
2.952295229522952,1.0795885077022997
2.953295329532953,1.2917049631243405
2.954295429542954,0.7989532744359462
2.9552955295529553,1.3394255279195533
2.9562956295629563,1.17759095477841
2.9572957295729574,0.9450247776785001
2.9582958295829584,1.2206264938361395
2.9592959295929595,0.773393824473647
2.96029602960296,0.8308831884055442
2.961296129612961,0.8751849996571263
2.9622962296229622,0.8922077554849862
2.9632963296329633,0.7877755506156485
2.9642964296429644,1.2447709047298248
2.9652965296529654,0.9494340549653523
2.9662966296629665,1.0727400062523245
2.967296729672967,0.8891862535945256
2.968296829682968,0.6401368214729756
2.969296929692969,1.0592533527414525
2.9702970297029703,0.6237587353110035
2.9712971297129713,0.9934342261461151
2.9722972297229724,0.7344327946940818
2.9732973297329734,1.4064692387323339
2.9742974297429745,1.192188296978391
2.975297529752975,1.031951710293706
2.976297629762976,1.2644109822137388
2.9772977297729772,0.8432586509894926
2.9782978297829783,1.1220534378806515
2.9792979297929794,1.0541388918233665
2.9802980298029804,1.067783603648676
2.9812981298129815,1.2702366218691046
2.982298229822982,1.163034242519322
2.983298329832983,1.0750340344705092
2.984298429842984,0.687048889293915
2.9852985298529853,0.8267378023619553
2.9862986298629863,0.9949095860585129
2.9872987298729874,1.0388138023948714
2.9882988298829884,0.7947701983705784
2.9892989298929895,1.5038015734720733
2.99029902990299,1.3253840427020627
2.991299129912991,1.1431516069029435
2.9922992299229922,1.037741764440107
2.9932993299329933,0.9814828067269558
2.9942994299429944,0.8341148980399357
2.9952995299529954,1.0405524862144218
2.9962996299629965,1.077148509115352
2.997299729972997,0.7777713543202722
2.998299829982998,1.093468095253519
2.999299929992999,0.9960742434487062
3.0003000300030003,0.6460417076877496
3.0013001300130013,0.8559873340706081
3.0023002300230024,0.9457883243440744
3.0033003300330035,1.406476062711153
3.0043004300430045,1.1406622899985166
3.005300530053005,0.7626525476200101
3.006300630063006,1.127337407679013
3.0073007300730072,0.7210347625178846
3.0083008300830083,1.2473833345320242
3.0093009300930094,0.9369539411980367
3.0103010301030104,1.0127695980297207
3.0113011301130115,1.2969583785912908
3.012301230123012,0.77465283106788
3.013301330133013,0.7529327197919797
3.014301430143014,0.9158916544560798
3.0153015301530153,1.2405268388923738
3.0163016301630163,0.7292058243966313
3.0173017301730174,0.466852348914668
3.0183018301830185,0.9432446211526024
3.0193019301930195,1.1440020099862909
3.02030203020302,1.2738682282177602
3.021302130213021,0.9413302440410714
3.0223022302230222,0.9518084825705502
3.0233023302330233,1.264989927749276
3.0243024302430244,0.6603621478467394
3.0253025302530254,0.9566918108250141
3.0263026302630265,1.0725510349025134
3.027302730273027,1.1243651475866763
3.028302830283028,0.9326001094172616
3.029302930293029,1.0414746369713406
3.0303030303030303,0.5369309364815712
3.0313031303130313,0.9029417278727496
3.0323032303230324,1.125273231917839
3.0333033303330335,0.8380778833316727
3.0343034303430345,1.046283903362816
3.035303530353035,1.1237971430917204
3.036303630363036,0.9658336491629967
3.0373037303730372,1.0683424004998359
3.0383038303830383,0.8415946493668031
3.0393039303930394,0.9926958309053479
3.0403040304030404,1.1559237031636709
3.0413041304130415,1.0651229520430405
3.042304230423042,0.9162555554997753
3.043304330433043,1.0782241500832057
3.044304430443044,1.1761075492324264
3.0453045304530453,0.6229877716807481
3.0463046304630463,1.264567043954881
3.0473047304730474,0.9652633074546677
3.0483048304830485,1.1173601406238662
3.0493049304930495,1.2714453664566476
3.05030503050305,0.7573810539166655
3.051305130513051,0.8895334438161404
3.0523052305230522,0.973403851289678
3.0533053305330533,0.8740409840444359
3.0543054305430544,1.3774433097924061
3.0553055305530554,0.8587521481656304
3.0563056305630565,0.9186341071741663
3.057305730573057,1.0702445477333125
3.058305830583058,0.7885465555831795
3.059305930593059,0.9494365381952651
3.0603060306030603,1.0916461126953023
3.0613061306130613,0.9611527798727413
3.0623062306230624,1.008603570395606
3.0633063306330635,0.9209573434104825
3.0643064306430645,0.7234593317173817
3.065306530653065,1.0901885294850544
3.066306630663066,1.3763599237490274
3.0673067306730672,1.0285440492887168
3.0683068306830683,1.069394015214447
3.0693069306930694,1.1623503301870644
3.0703070307030704,0.7693914502953367
3.0713071307130715,1.363199499417159
3.072307230723072,1.0625886581342043
3.073307330733073,1.3479079881428335
3.074307430743074,0.8743311630724279
3.0753075307530753,1.383938811288402
3.0763076307630763,1.174733767707898
3.0773077307730774,1.129674572899518
3.0783078307830785,1.0652230457095444
3.0793079307930795,0.9680518105875082
3.08030803080308,1.2571910938760216
3.081308130813081,1.0444718814925198
3.0823082308230823,0.6222890986388854
3.0833083308330833,0.7915569348462348
3.0843084308430844,0.977104390457485
3.0853085308530854,1.075540847362516
3.0863086308630865,1.0014791295201126
3.0873087308730875,1.2558350995393148
3.088308830883088,0.6210530920914836
3.0893089308930892,1.0392120562368514
3.0903090309030903,0.6461081806400024
3.0913091309130913,1.16084466671073
3.0923092309230924,0.989197344445103
3.0933093309330935,1.0911867323234503
3.0943094309430945,0.833652640623361
3.095309530953095,1.2614756318304348
3.096309630963096,1.2130699830212766
3.0973097309730973,1.1205653818101426
3.0983098309830983,0.9770736837675269
3.0993099309930994,1.1180584180199518
3.1003100310031004,0.8598075663295325
3.1013101310131015,1.1713856973982597
3.1023102310231025,1.3292486726767898
3.103310331033103,1.2125420527157982
3.1043104310431042,0.8515564887808443
3.1053105310531053,1.0688071600385822
3.1063106310631063,0.7369318504739739
3.1073107310731074,1.1090645101549623
3.1083108310831085,1.0837233227579863
3.1093109310931095,0.6186455458976748
3.11031103110311,0.759248278032426
3.111311131113111,0.9339636381614181
3.1123112311231123,0.9293960550026249
3.1133113311331133,0.7466394992778009
3.1143114311431144,1.065287888197053
3.1153115311531154,1.0367345733728832
3.1163116311631165,0.9465242672292571
3.1173117311731176,0.833148648129813
3.118311831183118,1.1929679204127885
3.1193119311931192,1.3132182372978356
3.1203120312031203,0.8843256904069936
3.1213121312131213,0.8574967097564017
3.1223122312231224,1.0770547465674074
3.1233123312331235,0.906081553088906
3.1243124312431245,0.9486733808764372
3.125312531253125,1.123340101092169
3.126312631263126,0.5923862422845395
3.1273127312731273,1.2367573348078027
3.1283128312831283,0.9864638876527427
3.1293129312931294,0.8884516517774304
3.1303130313031304,0.9517176149215063
3.1313131313131315,0.9608562313980865
3.1323132313231326,0.6209278464198036
3.133313331333133,1.2649454140855318
3.1343134313431342,0.9730045541366251
3.1353135313531353,1.0521135934321715
3.1363136313631363,1.1525890247974153
3.1373137313731374,0.756804729428631
3.1383138313831385,1.0544820812890303
3.1393139313931395,0.9050023776135864
3.14031403140314,1.126620142521984
3.141314131413141,0.5305484761839219
3.1423142314231423,0.9348957378954565
3.1433143314331433,0.8328638533168873
3.1443144314431444,1.0385867939955002
3.1453145314531454,1.0448421777200996
3.1463146314631465,0.8080002988488996
3.1473147314731476,0.8057759280239594
3.148314831483148,0.9247560200414802
3.1493149314931492,0.7662322954746604
3.1503150315031503,1.1126224660163255
3.1513151315131513,0.869042696205139
3.1523152315231524,0.36013840981650824
3.1533153315331535,0.8652171524522034
3.1543154315431545,0.7311119871553803
3.155315531553155,0.6111985380193987
3.156315631563156,0.6885951703229993
3.1573157315731573,0.9565829211232875
3.1583158315831583,1.1990441380247814
3.1593159315931594,0.994561714518349
3.1603160316031604,0.8092271761684664
3.1613161316131615,1.0203059985693232
3.1623162316231626,0.8358987598457663
3.163316331633163,0.7873828520231384
3.1643164316431642,0.6940110227709491
3.1653165316531653,0.5730930372063221
3.1663166316631663,0.8440439959362787
3.1673167316731674,0.9522041554396545
3.1683168316831685,0.8998283101234551
3.1693169316931695,0.8345141965975834
3.17031703170317,0.7271079443989709
3.171317131713171,1.036451090387727
3.1723172317231723,0.6499153695703823
3.1733173317331733,1.0670825286295746
3.1743174317431744,0.7099641099201256
3.1753175317531754,0.7584464943249031
3.1763176317631765,0.6140980766560548
3.1773177317731776,0.8056918878690582
3.178317831783178,1.0995477254185642
3.1793179317931792,1.0061195663569413
3.1803180318031803,1.0971829688734296
3.1813181318131813,1.0044276206176848
3.1823182318231824,0.6777617620783993
3.1833183318331835,0.8308306348036801
3.1843184318431845,0.7394376253111152
3.185318531853185,1.1600777069423867
3.186318631863186,0.6530866592373794
3.1873187318731873,1.0696620599252384
3.1883188318831883,1.0679879843697677
3.1893189318931894,1.253792577292666
3.1903190319031904,0.8043992667321604
3.1913191319131915,1.0272658704729887
3.1923192319231926,1.3395935473092218
3.193319331933193,0.7581935572277878
3.1943194319431942,0.573169609775813
3.1953195319531953,0.5026285559678867
3.1963196319631964,1.019623091387058
3.1973197319731974,0.49889806871501974
3.1983198319831985,0.799509108591178
3.1993199319931995,0.9598778317127721
3.2003200320032,0.907890125041637
3.201320132013201,0.9543814439295744
3.2023202320232023,0.9121856073456206
3.2033203320332033,1.1219337570684988
3.2043204320432044,0.6741281508765286
3.2053205320532054,0.7276211874335854
3.2063206320632065,0.7069151505487113
3.2073207320732076,1.0259103435288368
3.208320832083208,1.0383748379647584
3.2093209320932092,0.9469616011515165
3.2103210321032103,1.0918350456293318
3.2113211321132114,0.6179463515777384
3.2123212321232124,1.1854160776632634
3.2133213321332135,1.1550343069333273
3.2143214321432145,0.9959249854301181
3.215321532153215,1.2035731262626663
3.216321632163216,0.5143002953893727
3.2173217321732173,0.7391458144916785
3.2183218321832183,0.6953842451017304
3.2193219321932194,0.9851493661837611
3.2203220322032204,0.6292330641815431
3.2213221322132215,0.9891671766353501
3.2223222322232226,1.1101816114912726
3.223322332233223,0.9735205768901545
3.2243224322432242,0.8896352707766226
3.2253225322532253,0.6337149984858215
3.2263226322632264,0.660323681699219
3.2273227322732274,1.0780215477854012
3.2283228322832285,0.9823712184758898
3.2293229322932295,0.8171009992912821
3.23032303230323,0.7397263890337257
3.231323132313231,0.41655010288252126
3.2323232323232323,0.6059446318339449
3.2333233323332333,1.200802503960094
3.2343234323432344,0.5608313500282196
3.2353235323532354,0.8532224864336272
3.2363236323632365,1.015219728267185
3.2373237323732376,0.5611512378394936
3.238323832383238,0.8474832031533672
3.2393239323932392,0.9965301236476243
3.2403240324032403,0.8098534315818016
3.2413241324132414,1.3794414440762732
3.2423242324232424,0.47044903284079126
3.2433243324332435,1.0143234990991747
3.2443244324432445,0.7664272815375972
3.245324532453245,0.9537824934741334
3.246324632463246,0.8860717937860003
3.2473247324732473,0.6495921619104462
3.2483248324832483,0.8404369237948569
3.2493249324932494,0.42147287385161314
3.2503250325032504,0.9121195263376379
3.2513251325132515,0.8495199928124166
3.2523252325232526,0.9160400856932371
3.253325332533253,0.9983530155740815
3.2543254325432542,0.8586762303331031
3.2553255325532553,0.8131947376434288
3.2563256325632564,0.6057895235292625
3.2573257325732574,0.6379871868295832
3.2583258325832585,1.0162082891523831
3.2593259325932595,1.0645604136159443
3.26032603260326,0.7281052189088952
3.261326132613261,0.783363899790062
3.2623262326232623,0.5916786537041925
3.2633263326332633,1.0055932736270765
3.2643264326432644,0.9025679055858435
3.2653265326532654,1.1561729872947863
3.2663266326632665,0.5907122286566806
3.2673267326732676,0.6892250549458154
3.268326832683268,0.8095681176794545
3.2693269326932692,0.8910317076827
3.2703270327032703,0.7170577684651617
3.2713271327132714,0.584059262492864
3.2723272327232724,0.9333959192059972
3.2733273327332735,0.8998072260099309
3.2743274327432745,0.5707939392756112
3.275327532753275,1.0236088494212399
3.276327632763276,0.9850345424388178
3.2773277327732773,0.7763316502434615
3.2783278327832783,0.7638725690072753
3.2793279327932794,0.8572483483242169
3.2803280328032804,0.5725831852720659
3.2813281328132815,0.7494203633868719
3.2823282328232826,0.31143094475636734
3.283328332833283,0.9156957412083361
3.2843284328432842,0.4266063522905777
3.2853285328532853,1.038092826835404
3.2863286328632864,0.6698922394030631
3.2873287328732874,0.6920938440257647
3.2883288328832885,0.6073950785859649
3.2893289328932895,0.6738523931017586
3.29032903290329,1.0136884847170606
3.291329132913291,0.23094632243096674
3.2923292329232923,0.9824308092898937
3.2933293329332933,0.7931759964458169
3.2943294329432944,0.482704477659635
3.2953295329532954,0.5075878230084427
3.2963296329632965,1.0564744368513457
3.2973297329732976,0.5306440681303525
3.298329832983298,0.48762908462887744
3.2993299329932992,0.9443200142586503
3.3003300330033003,0.7831298224614691
3.3013301330133014,0.5264005411507362
3.3023302330233024,0.7558813735614975
3.3033303330333035,0.5059809209548551
3.3043304330433045,0.9298752176355823
3.305330533053305,0.9205690556186265
3.306330633063306,0.8132845143559008
3.3073307330733073,0.7778084283415123
3.3083308330833083,1.0563113538844409
3.3093309330933094,0.702613119755537
3.3103310331033104,0.4649078078011685
3.3113311331133115,0.7897888874528474
3.3123312331233126,1.115719719800321
3.313331333133313,0.49417938833635355
3.3143314331433142,0.6234645213130666
3.3153315331533153,0.7776769185249081
3.3163316331633164,0.6822422633586249
3.3173317331733174,0.4952029622193549
3.3183318331833185,0.9146806538810875
3.3193319331933195,1.1529676263550233
3.32033203320332,0.7268412032649487
3.321332133213321,0.5054617478718803
3.3223322332233223,0.3751488941169779
3.3233323332333233,0.7352069211690091
3.3243324332433244,0.9030630848503658
3.3253325332533255,0.7760022546268819
3.3263326332633265,0.6791742560110624
3.3273327332733276,0.5604922737117339
3.328332833283328,0.45861074912184835
3.3293329332933292,0.8426959343913737
3.3303330333033303,0.8572075383026628
3.3313331333133314,0.36402018202579123
3.3323332333233324,0.9898522692053018
3.3333333333333335,0.7854224886729094
3.3343334333433345,0.9492564084448647
3.335333533353335,0.3996466553367125
3.336333633363336,0.3936476163865574
3.3373337333733373,0.6357643703119539
3.3383338333833383,0.764866469761474
3.3393339333933394,1.0223386927858407
3.3403340334033405,0.8030448702795128
3.3413341334133415,0.6120610301814654
3.3423342334233426,0.45409730337805765
3.343334333433343,0.9041508022054028
3.3443344334433442,0.46399485010118346
3.3453345334533453,0.9814206195039807
3.3463346334633464,0.5976466979155848
3.3473347334733474,0.9714425273286654
3.3483348334833485,0.7879206405677903
3.3493349334933495,0.6235493577120914
3.35033503350335,0.5458890754936695
3.351335133513351,0.5804125071895001
3.3523352335233523,0.7330890092102887
3.3533353335333533,0.6616944294739419
3.3543354335433544,0.5263441950785288
3.3553355335533555,0.6108294430110172
3.3563356335633565,0.6585262956798329
3.3573357335733576,0.2159251655570807
3.358335833583358,0.7321726453119681
3.3593359335933592,0.4434677711065155
3.3603360336033603,0.4076244968605307
3.3613361336133614,0.29970704866521763
3.3623362336233624,0.27728834901377664
3.3633363336333635,0.3638742785620811
3.3643364336433645,0.49206252793788197
3.365336533653365,1.0234275059180387
3.366336633663366,0.5265147292405793
3.3673367336733673,0.6661617065287783
3.3683368336833683,0.709635025472696
3.3693369336933694,0.6546848969450815
3.3703370337033705,0.6119223337163601
3.3713371337133715,0.3872974993268758
3.3723372337233726,0.9154930527110414
3.373337333733373,0.9857042318138403
3.3743374337433742,0.2866965969162439
3.3753375337533753,0.4173921258440457
3.3763376337633764,0.5652113618569158
3.3773377337733774,0.42724753749821465
3.3783378337833785,0.7203359543650644
3.3793379337933795,0.4724822320432066
3.38033803380338,1.0501477966076114
3.381338133813381,0.8542522935251672
3.3823382338233823,0.6576694523022247
3.3833383338333833,0.8195700484929203
3.3843384338433844,0.8343771061164884
3.3853385338533855,0.49943782184607927
3.3863386338633865,0.4480202379977427
3.3873387338733876,0.6259347320290364
3.388338833883388,0.7816818371954442
3.3893389338933892,0.6362212398772218
3.3903390339033903,0.2920704606146863
3.3913391339133914,0.445971507698689
3.3923392339233924,0.5908144986184531
3.3933393339333935,0.5895546530256542
3.3943394339433945,0.9982809312102136
3.395339533953395,0.3256656398559303
3.396339633963396,0.7030778102345493
3.3973397339733973,0.8988853080518306
3.3983398339833983,1.054461340329425
3.3993399339933994,0.5184065805740817
3.4003400340034005,0.6966925870112874
3.4013401340134015,0.711485344053382
3.4023402340234026,0.635762126978054
3.403340334033403,0.5760351668166095
3.4043404340434043,0.6821436155606522
3.4053405340534053,0.0876495406886354
3.4063406340634064,0.729668749991483
3.4073407340734074,0.6176523852541087
3.4083408340834085,0.5470896195515512
3.4093409340934095,1.0001306572513742
3.41034103410341,0.45495084076337944
3.411341134113411,0.5085076621635499
3.4123412341234123,0.9866245061704935
3.4133413341334133,0.4210983214983651
3.4143414341434144,0.47668999372588633
3.4153415341534155,0.5565161441320532
3.4163416341634165,0.75328199339874
3.4173417341734176,0.6259151346738904
3.418341834183418,0.3250547459435145
3.4193419341934193,0.47637690816406375
3.4203420342034203,0.46057613955334437
3.4213421342134214,0.5658447987372935
3.4223422342234224,0.6657052729076826
3.4233423342334235,0.6634307526531668
3.4243424342434245,0.22384581238232748
3.425342534253425,0.791100397821684
3.4263426342634262,0.6280954554576299
3.4273427342734273,0.8537630034409309
3.4283428342834283,0.6649765610983341
3.4293429342934294,0.7956871547560254
3.4303430343034305,0.668022630173781
3.4313431343134315,0.8432550316220888
3.4323432343234326,0.6777615980855421
3.433343334333433,0.5530352597413463
3.4343434343434343,1.0264173080266605
3.4353435343534353,0.7490550286411077
3.4363436343634364,0.6853188820266538
3.4373437343734374,0.3146366290772021
3.4383438343834385,0.31156859137087334
3.4393439343934396,0.6271108681691036
3.44034403440344,0.5970146885286779
3.4413441344134412,0.444433599005624
3.4423442344234423,0.5948072656851031
3.4433443344334433,0.8836936402618121
3.4443444344434444,0.7044111574893916
3.4453445344534455,0.33649621098303106
3.4463446344634465,0.5417682031731319
3.4473447344734476,0.4024534957952529
3.448344834483448,0.4852883616245602
3.4493449344934493,0.4794914556788982
3.4503450345034503,0.4660763680257209
3.4513451345134514,0.3099739181278023
3.4523452345234524,0.5348701363287733
3.4533453345334535,0.44768415691770835
3.4543454345434546,-0.02667495158907851
3.455345534553455,0.9692227423463674
3.4563456345634562,0.7758002261945355
3.4573457345734573,0.48220847262366084
3.4583458345834583,0.5606590711727661
3.4593459345934594,0.3219953132690615
3.4603460346034605,0.8949059137579838
3.4613461346134615,0.934658422165093
3.4623462346234626,0.5859829185575309
3.463346334633463,0.758797890796233
3.4643464346434643,0.5886007603614359
3.4653465346534653,0.2856539667350451
3.4663466346634664,0.47009399127582585
3.4673467346734674,0.5783077824567245
3.4683468346834685,0.4604800352686016
3.4693469346934696,0.507130131288189
3.47034703470347,0.5320558523950478
3.4713471347134712,0.5336387618921489
3.4723472347234723,0.559748528227921
3.4733473347334733,0.3366618068234989
3.4743474347434744,0.40486915135065094
3.4753475347534755,0.290848609571062
3.4763476347634765,0.7428251235846244
3.4773477347734776,0.1256325941382077
3.478347834783478,0.7769833860563132
3.4793479347934793,0.8230418454525337
3.4803480348034803,0.4848457582141507
3.4813481348134814,0.024167575536859776
3.4823482348234824,0.4720491525559914
3.4833483348334835,0.5309938049694797
3.4843484348434846,0.34123341162909177
3.485348534853485,0.4398347866372424
3.4863486348634862,0.8484458512493027
3.4873487348734873,0.6749234708200053
3.4883488348834883,0.35655926730157345
3.4893489348934894,0.22148907676053609
3.4903490349034905,0.4751449797200158
3.4913491349134915,0.49739927499734005
3.4923492349234926,0.6388752536635582
3.493349334933493,0.4321193989690095
3.4943494349434943,0.6410324637237601
3.4953495349534953,0.9253155872609611
3.4963496349634964,0.7009395789615392
3.4973497349734974,0.5277785737038406
3.4983498349834985,0.5003253276308695
3.4993499349934996,0.4651821278090852
3.5003500350035,0.7722083958895762
3.5013501350135012,0.4101830483966079
3.5023502350235023,0.5442578081595608
3.5033503350335033,0.5450223189168171
3.5043504350435044,0.4339972540668501
3.5053505350535055,0.2594341572272134
3.5063506350635065,0.5980970996510022
3.5073507350735076,0.5208780321779046
3.508350835083508,0.6327051807965521
3.5093509350935093,0.42551685565608777
3.5103510351035103,0.775982513050241
3.5113511351135114,0.3560462760354367
3.5123512351235124,0.8733932467622183
3.5133513351335135,0.18104336011939287
3.5143514351435146,0.6171113970379939
3.515351535153515,0.6248314277769319
3.5163516351635162,0.37022290484276577
3.5173517351735173,0.6138031878144288
3.5183518351835184,0.7844192050258114
3.5193519351935194,0.08474369715788144
3.5203520352035205,0.6282492774470524
3.5213521352135215,0.028639793353185505
3.5223522352235226,0.33375536206683976
3.523352335233523,0.8523166180688911
3.5243524352435243,0.40972255053068024
3.5253525352535253,0.290899098848481
3.5263526352635264,0.48568413521649423
3.5273527352735274,0.9384499248201751
3.5283528352835285,0.15812950271199167
3.5293529352935296,0.3138015152596875
3.53035303530353,0.8231475615837337
3.5313531353135312,0.894799534183317
3.5323532353235323,0.5021707053439999
3.5333533353335334,0.27464426944501186
3.5343534353435344,0.941221275703444
3.5353535353535355,0.8405386551483027
3.5363536353635365,0.6570369421018322
3.5373537353735376,0.3583641388455835
3.538353835383538,0.5106354307351072
3.5393539353935393,0.48796552882141897
3.5403540354035403,0.5858035374344386
3.5413541354135414,0.8094287102945801
3.5423542354235424,0.6947063208835287
3.5433543354335435,0.3029414600685485
3.5443544354435446,0.7933089299322149
3.545354535453545,0.5802281627237995
3.5463546354635462,0.6546060475420346
3.5473547354735473,0.8100912011113293
3.5483548354835484,0.2940560357128933
3.5493549354935494,0.5087948698100515
3.5503550355035505,0.409255746759291
3.5513551355135515,0.2015601428218291
3.5523552355235526,0.584058021379745
3.553355335533553,1.0166098888361794
3.5543554355435543,0.1458640644570714
3.5553555355535553,0.5070029355369007
3.5563556355635564,0.6411454259652658
3.5573557355735574,0.5372285244638577
3.5583558355835585,0.48956150985749064
3.5593559355935596,0.2519162019196943
3.56035603560356,0.5578872223519201
3.5613561356135612,0.359545449225784
3.5623562356235623,0.0724801729328215
3.5633563356335634,0.7489470524154778
3.5643564356435644,0.7012676183304093
3.5653565356535655,0.5194821739618273
3.5663566356635665,0.5545220450973745
3.5673567356735676,0.7231253698976227
3.568356835683568,0.552681815989242
3.5693569356935693,0.6881668965461486
3.5703570357035703,0.4474137563185346
3.5713571357135714,0.7688509912669785
3.5723572357235724,0.5701525981442724
3.5733573357335735,0.5443441395897936
3.5743574357435746,0.25105684567719094
3.575357535753575,0.5619924875864623
3.5763576357635762,0.3377394533900341
3.5773577357735773,0.37599980469295036
3.5783578357835784,0.34010385647723074
3.5793579357935794,0.2894512730187792
3.5803580358035805,0.9271683884645863
3.5813581358135815,0.767994266022243
3.5823582358235826,0.8853087232269681
3.583358335833583,0.2561613375977445
3.5843584358435843,0.5144924858881944
3.5853585358535853,0.24103780712486467
3.5863586358635864,0.360094081056029
3.5873587358735874,0.3150974384556616
3.5883588358835885,0.7461253956690281
3.5893589358935896,0.4184443249301054
3.59035903590359,0.7108436267667877
3.5913591359135912,0.617465197165406
3.5923592359235923,0.9568377151242238
3.5933593359335934,0.19968567832424738
3.5943594359435944,0.7468812685778555
3.5953595359535955,0.7237783584874573
3.5963596359635965,0.2992653734840975
3.5973597359735976,0.6948140848209353
3.598359835983598,0.5600579332691539
3.5993599359935993,0.44677038554942267
3.6003600360036003,0.32691033789448565
3.6013601360136014,0.3473023708552152
3.6023602360236024,0.9005084616060056
3.6033603360336035,0.4900992704419285
3.6043604360436046,0.6458001816210369
3.605360536053605,0.3306005177923258
3.6063606360636062,0.33221068364726253
3.6073607360736073,0.7039737073982764
3.6083608360836084,0.21705149785488415
3.6093609360936094,0.40330843136806327
3.6103610361036105,0.49253549046346734
3.6113611361136115,0.5073776589285647
3.6123612361236126,0.4486518475274033
3.613361336133613,0.5629959911811829
3.6143614361436143,0.6217588099813226
3.6153615361536153,0.6294648143178164
3.6163616361636164,0.2847201417504899
3.6173617361736174,0.4243873634777963
3.6183618361836185,0.719502245989835
3.6193619361936196,0.6588041424845317
3.62036203620362,0.20462151685385055
3.6213621362136212,0.5488016904384313
3.6223622362236223,0.08216649515774632
3.6233623362336234,0.48649782216649656
3.6243624362436244,0.8559569346980463
3.6253625362536255,0.28611100138789725
3.6263626362636265,0.30810420437478614
3.6273627362736276,0.6270472250166962
3.628362836283628,0.1649465391692237
3.6293629362936293,0.3462144599333531
3.6303630363036303,0.5913052994584769
3.6313631363136314,0.34440442314756486
3.6323632363236324,0.423304963318146
3.6333633363336335,0.6185662510952619
3.6343634363436346,0.5532611873237446
3.635363536353635,0.5215311581413768
3.6363636363636362,0.39955111160380374
3.6373637363736373,0.5405883932876199
3.6383638363836384,0.44102268534848094
3.6393639363936394,0.556515777276423
3.6403640364036405,0.36474600168424776
3.6413641364136415,0.4267886157279488
3.6423642364236426,0.2644730437390696
3.643364336433643,0.4546173952023493
3.6443644364436443,0.2985651185923816
3.6453645364536453,0.237094370709928
3.6463646364636464,0.510766191497893
3.6473647364736475,0.5007040867995735
3.6483648364836485,0.6138448539020867
3.6493649364936496,0.37015071124529403
3.65036503650365,0.5370837934380539
3.6513651365136512,0.5647217561195947
3.6523652365236523,0.5425975778570855
3.6533653365336534,0.2875841500667551
3.6543654365436544,0.48165108814202534
3.6553655365536555,0.5236613300362105
3.6563656365636565,0.4513151571170643
3.6573657365736576,0.03162137878717103
3.658365836583658,0.48004347619198323
3.6593659365936593,0.8894715351721942
3.6603660366036603,0.3739683255052691
3.6613661366136614,0.2993626291902376
3.6623662366236625,0.5186405895885284
3.6633663366336635,0.5054302502157326
3.6643664366436646,0.6804762158592961
3.665366536653665,0.18932091339068358
3.6663666366636662,0.5861266873753396
3.6673667366736673,0.5568818156255964
3.6683668366836684,0.40930548085584134
3.6693669366936694,0.5044001995720472
3.6703670367036705,0.6414726878463666
3.6713671367136715,0.6089531761892281
3.6723672367236726,0.20478554527245407
3.673367336733673,0.5963106975278765
3.6743674367436743,0.4182212831987798
3.6753675367536753,0.4446040063464883
3.6763676367636764,0.4435289533835092
3.6773677367736775,0.39769145958219726
3.6783678367836785,0.6649221408868724
3.6793679367936796,0.40866766426270107
3.68036803680368,0.20032262508117116
3.6813681368136812,0.3443364034018064
3.6823682368236823,0.45758172110640477
3.6833683368336834,0.6664759675078227
3.6843684368436844,0.5400319611933548
3.6853685368536855,0.24807571401009307
3.6863686368636865,0.9139801824592696
3.6873687368736876,0.46864632675967083
3.688368836883688,0.6695080664142445
3.6893689368936893,0.3828152283604658
3.6903690369036903,0.5185476559624733
3.6913691369136914,0.5784766497024337
3.6923692369236925,0.6529184373851595
3.6933693369336935,0.6194390619117539
3.6943694369436946,0.581080021811929
3.695369536953695,0.3422877677607863
3.6963696369636962,0.2896096256250991
3.6973697369736973,0.46912324098069746
3.6983698369836984,0.5878594007331638
3.6993699369936994,0.35531079397649423
3.7003700370037005,0.6114995342322918
3.7013701370137015,0.6875877153158586
3.7023702370237026,0.21238838529670961
3.703370337033703,0.2268455691146387
3.7043704370437043,0.3647207373485424
3.7053705370537053,0.4528731816602739
3.7063706370637064,0.28498096546632323
3.7073707370737075,0.658867407688797
3.7083708370837085,0.47176149413640356
3.7093709370937096,0.39334749087578935
3.71037103710371,0.09677480911776648
3.7113711371137112,0.11928082086840619
3.7123712371237123,0.437121706942306
3.7133713371337134,-0.04713482772822691
3.7143714371437144,0.5803647538952911
3.7153715371537155,0.3446479779147126
3.7163716371637165,1.0233272829544555
3.7173717371737176,0.8347103164487826
3.718371837183718,0.3352440329880716
3.7193719371937193,0.34866159880441083
3.7203720372037203,0.5674287958479574
3.7213721372137214,0.7073188199007341
3.7223722372237225,0.03743857286998148
3.7233723372337235,0.006117630306049948
3.7243724372437246,0.23732232544896226
3.725372537253725,0.47660156270042225
3.7263726372637263,0.45774169273497267
3.7273727372737273,0.5706223365806671
3.7283728372837284,0.11501772714865144
3.7293729372937294,-0.10999426175562044
3.7303730373037305,0.5231026937738247
3.7313731373137315,0.18411398552587335
3.7323732373237326,-0.05570292955786199
3.733373337333733,0.37523679036921853
3.7343734373437343,0.5030765487944642
3.7353735373537353,0.31823530487567514
3.7363736373637364,0.24927030305111192
3.7373737373737375,0.3071486909522123
3.7383738373837385,0.2630736299758827
3.7393739373937396,0.06573767360754601
3.74037403740374,0.19055572369734847
3.7413741374137413,0.435880434467256
3.7423742374237423,0.39408056970246286
3.7433743374337434,0.3614650271187574
3.7443744374437444,0.12691935414998912
3.7453745374537455,0.28773216696881443
3.7463746374637465,-0.11330871193093917
3.7473747374737476,0.35585886261449884
3.7483748374837482,0.60398202445692
3.7493749374937493,0.021418716807474147
3.7503750375037503,0.1970819634576656
3.7513751375137514,0.378098891303524
3.7523752375237525,0.5608437710079004
3.7533753375337535,0.2186156897656113
3.7543754375437546,0.16778356627746724
3.755375537553755,-0.08959033654698906
3.7563756375637563,0.3228302094437928
3.7573757375737573,0.7084937068795887
3.7583758375837584,0.35347372256164616
3.7593759375937594,0.29145737477115446
3.7603760376037605,0.3582283760410331
3.7613761376137615,0.28947985358602113
3.7623762376237626,0.12696931263799593
3.7633763376337632,0.45208969083521666
3.7643764376437643,0.33043511714899093
3.7653765376537653,0.2866421489336498
3.7663766376637664,0.08587055793622217
3.7673767376737675,0.5394571917364289
3.7683768376837685,0.4094955724321667
3.7693769376937696,0.16375784957146045
3.77037703770377,0.4724815573890295
3.7713771377137713,0.17036456543801284
3.7723772377237723,0.11122775951871056
3.7733773377337734,0.11342514012640204
3.7743774377437744,-0.09112305778122226
3.7753775377537755,0.355111605328573
3.7763776377637766,-0.10772577857095172
3.7773777377737776,0.010502095054619826
3.7783778377837782,-0.16125147435333032
3.7793779377937793,0.23431506325575285
3.7803780378037803,0.21911539923140796
3.7813781378137814,0.18147836083473867
3.7823782378237825,0.03592780770407583
3.7833783378337835,0.007609979034781333
3.7843784378437846,0.33253173504377515
3.785378537853785,0.12713606841779718
3.7863786378637863,0.29809448226287083
3.7873787378737873,0.05533712633125876
3.7883788378837884,0.2661511524236117
3.7893789378937894,0.48813365934308744
3.7903790379037905,0.34223838132677986
3.7913791379137916,0.140037362668594
3.7923792379237926,0.271462576156704
3.7933793379337932,0.16938016935527977
3.7943794379437943,0.216567446148371
3.7953795379537953,0.14733520354848945
3.7963796379637964,0.1770441951174077
3.7973797379737975,0.2497715651787656
3.7983798379837985,0.006110667954718374
3.7993799379937996,-0.0009759694182557843
3.8003800380038,-0.0781034314334213
3.8013801380138013,-0.1230559418480113
3.8023802380238023,-0.0490771215027907
3.8033803380338034,0.22364101684069387
3.8043804380438044,0.010548094730862656
3.8053805380538055,0.2891735806759179
3.8063806380638066,0.19072655975142913
3.8073807380738076,-0.2125958531457528
3.8083808380838082,0.3094093691749815
3.8093809380938093,0.3378713540427136
3.8103810381038103,-0.025775400408046434
3.8113811381138114,0.25430911772771814
3.8123812381238125,-0.0037669701954035906
3.8133813381338135,0.18431684359237302
3.8143814381438146,-0.09087856942522682
3.815381538153815,-0.1993735514258297
3.8163816381638163,0.0798992429683495
3.8173817381738173,0.12892018011901718
3.8183818381838184,0.07132169846181641
3.8193819381938194,-0.08876839399141748
3.8203820382038205,0.06522643235752945
3.8213821382138216,0.1962222037717979
3.8223822382238226,0.13053017239679932
3.8233823382338232,0.1731430624260381
3.8243824382438243,-0.00025751648280386563
3.8253825382538253,0.3652204006393385
3.8263826382638264,-0.10725789070054939
3.8273827382738275,0.22257749847828398
3.8283828382838285,0.35852106301884
3.8293829382938296,0.2153906513053238
3.83038303830383,0.07575919934886793
3.8313831383138313,0.0076485124943662525
3.8323832383238323,0.31755823620690804
3.8333833383338334,-0.1772325450672056
3.8343834383438344,-0.08965168491189718
3.8353835383538355,0.021861378473044146
3.8363836383638366,0.3458925294078963
3.8373837383738376,0.17129327873296024
3.8383838383838382,-0.1013022532554245
3.8393839383938393,0.027201724269178322
3.8403840384038403,-0.0366557292642308
3.8413841384138414,-0.058813949386600006
3.8423842384238425,0.2758460742135538
3.8433843384338435,-0.1973667366780163
3.8443844384438446,0.3956412501690292
3.845384538453845,0.2364237206759146
3.8463846384638463,0.2858323853886607
3.8473847384738473,-0.02805596560650206
3.8483848384838484,0.03140534795001487
3.8493849384938494,-0.2283855935563873
3.8503850385038505,-0.04984665804564829
3.8513851385138516,0.1506476778135673
3.8523852385238526,0.3079500915571103
3.8533853385338532,-0.17588317150719635
3.8543854385438543,-0.03075228478124943
3.8553855385538554,0.00887982444917219
3.8563856385638564,-0.24323729330621063
3.8573857385738575,0.15096144514693166
3.8583858385838585,-0.11534518996593518
3.8593859385938596,-0.012873624816574086
3.86038603860386,-0.06744351032924249
3.8613861386138613,-0.13818900808663348
3.8623862386238623,0.014992496727729933
3.8633863386338634,-0.030007087349670572
3.8643864386438644,-0.0645528171503344
3.8653865386538655,-0.13917897444544872
3.8663866386638666,0.06710359813103021
3.8673867386738676,0.3305982197204717
3.8683868386838682,0.024519167674481264
3.8693869386938693,0.19242323788983648
3.8703870387038704,-0.28819593132285215
3.8713871387138714,0.018040652250501873
3.8723872387238725,-0.23635426935133316
3.8733873387338735,-0.3156433735647863
3.8743874387438746,-0.17151919592910742
3.875387538753875,0.2113397514557823
3.8763876387638763,0.1595592445631204
3.8773877387738773,0.014744683185627737
3.8783878387838784,-0.34381717653988353
3.8793879387938794,-0.07996238984779999
3.8803880388038805,0.016196227720304615
3.8813881388138816,-0.012482289348473598
3.8823882388238826,-0.4198021865371909
3.8833883388338832,-0.23256907348114822
3.8843884388438843,-0.07079111571981105
3.8853885388538854,0.04580461007265457
3.8863886388638864,-0.5041650193066903
3.8873887388738875,-0.10085793158025752
3.8883888388838885,-0.04332478531608935
3.8893889388938896,0.09447881148072207
3.89038903890389,0.05961131741068512
3.8913891389138913,0.03402996321600793
3.8923892389238923,-0.24600391195412966
3.8933893389338934,-0.4711550775860969
3.8943894389438944,-0.17171129058102808
3.8953895389538955,0.10367236796385665
3.8963896389638966,0.1784765627086617
3.8973897389738976,0.03832812575989672
3.8983898389838982,-0.021487806075053323
3.8993899389938993,-0.03500915824803845
3.9003900390039004,-0.22574871272077912
3.9013901390139014,-0.14413157195663218
3.9023902390239025,0.21209325184378588
3.9033903390339035,-0.31383990000539363
3.9043904390439046,0.19401339357722266
3.905390539053905,-0.1969683956091301
3.9063906390639063,0.1288970088008936
3.9073907390739073,-0.42118522462013175
3.9083908390839084,-0.026280266322803517
3.9093909390939094,-0.29446000395771676
3.9103910391039105,-0.4338101834982374
3.9113911391139116,-0.1107065143786676
3.9123912391239126,0.043818736921557494
3.9133913391339132,-0.3307318369505882
3.9143914391439143,-0.4652202100880474
3.9153915391539154,-0.18746488931896302
3.9163916391639164,-0.19026727924677722
3.9173917391739175,-0.06680583203154399
3.9183918391839185,0.009754437700680685
3.9193919391939196,-0.1957473143447179
3.92039203920392,0.1835315938065459
3.9213921392139213,-0.14643180745729334
3.9223922392239223,-0.26427854708733867
3.9233923392339234,-0.5210259152547938
3.9243924392439244,-0.2549681583507697
3.9253925392539255,-0.27344197237156764
3.9263926392639266,-0.017836375595713327
3.9273927392739276,-0.12113768814729417
3.9283928392839282,-0.45324954550360674
3.9293929392939293,-0.18667028536137134
3.9303930393039304,-0.09056440574111677
3.9313931393139314,0.07698221605524105
3.9323932393239325,-0.054880518274543266
3.9333933393339335,-0.08397297853368385
3.9343934393439346,-0.22788975091952896
3.935393539353935,-0.16601273272121347
3.9363936393639363,0.0024542185379186066
3.9373937393739373,-0.517777212660612
3.9383938393839384,-0.3248878134799903
3.9393939393939394,-0.41329505513772374
3.9403940394039405,-0.18673508026147417
3.9413941394139416,-0.02030860718864888
3.9423942394239426,-0.3895380757218872
3.9433943394339432,-0.7519970033696196
3.9443944394439443,-0.3601758231521095
3.9453945394539454,-0.09883500176891519
3.9463946394639464,-0.17780426799190657
3.9473947394739475,-0.20349582209878708
3.9483948394839485,-0.3489367737285253
3.9493949394939496,-0.552551416511478
3.95039503950395,-0.19749557035277415
3.9513951395139513,-0.4712218665381107
3.9523952395239523,0.12864097322449097
3.9533953395339534,-0.19789149407236073
3.9543954395439544,-0.43193874590658954
3.9553955395539555,-0.4419037655662703
3.9563956395639566,-0.34203456251774467
3.9573957395739576,-0.37516637819181103
3.9583958395839582,-0.10772067153525361
3.9593959395939593,-0.29762667829068834
3.9603960396039604,-0.48505969055930787
3.9613961396139614,0.03553052686339658
3.9623962396239625,-0.33652093973953034
3.9633963396339635,-0.1964402865708764
3.9643964396439646,-0.4756796499101697
3.965396539653965,-0.285237751289813
3.9663966396639663,-0.29946569935387024
3.9673967396739673,-0.743444559381718
3.9683968396839684,0.03371324505434947
3.9693969396939695,-0.11503992343692698
3.9703970397039705,-0.45643476951434
3.9713971397139716,-0.6012762864551118
3.9723972397239726,-0.3151362782002617
3.9733973397339732,-0.37113484306934885
3.9743974397439743,-0.321165783278686
3.9753975397539754,-0.35780858027548856
3.9763976397639764,-0.2986995328831976
3.9773977397739775,-0.11430933481845057
3.9783978397839785,-0.2939715381579578
3.9793979397939796,-0.6213438316007764
3.98039803980398,-0.1427194494799396
3.9813981398139813,-0.09092701832867572
3.9823982398239823,0.20754499502391704
3.9833983398339834,-0.651379976096025
3.9843984398439845,-0.3819178678003464
3.9853985398539855,-0.8507252819894341
3.9863986398639866,-0.3274850372981378
3.9873987398739876,-0.5515621979338148
3.9883988398839882,-0.06103807761493002
3.9893989398939893,-0.6044530433156994
3.9903990399039904,-0.7911670698454636
3.9913991399139914,-0.5513811091566094
3.9923992399239925,-0.856021185329521
3.9933993399339935,-0.31449626691306987
3.9943994399439946,-0.8815224356809921
3.995399539953995,-0.46660100580412656
3.9963996399639963,-0.8916384936137487
3.9973997399739973,-0.5439160950280425
3.9983998399839984,-0.1549579890961028
3.9993999399939995,-0.41527769444683865
4.000400040004,-0.6638760971332982
4.001400140014002,-0.5011845127635223
4.002400240024002,-0.49510309924723317
4.003400340034004,-0.4079391673501307
4.004400440044004,-0.7795916604835744
4.005400540054006,-0.3914571570076007
4.006400640064006,-1.054595318820104
4.007400740074007,-0.6434359245411403
4.0084008400840085,-0.6188513289942612
4.009400940094009,-0.3982641505644266
4.010401040104011,-0.5241315932867469
4.011401140114011,-0.8134937992974152
4.012401240124013,-0.7330982989135316
4.013401340134013,-0.500077101416504
4.014401440144014,-0.5593348294363865
4.0154015401540155,-0.6630491526824526
4.016401640164016,-0.6470886540846954
4.017401740174018,-0.41538034168675825
4.018401840184018,-0.6618388639107307
4.01940194019402,-0.5795992534192651
4.02040204020402,-0.13166847311738777
4.021402140214021,-0.8540611188730847
4.0224022402240225,-0.9433558370353392
4.023402340234023,-0.41992583928909677
4.024402440244025,-0.7160225322130425
4.025402540254025,-0.6475851232926997
4.026402640264027,-0.7438060251925578
4.027402740274027,-0.6431652275671487
4.028402840284029,-0.275121228910307
4.0294029402940295,-0.4380198976896805
4.03040304030403,-0.4296105954475695
4.031403140314032,-0.8889032719493726
4.032403240324032,-0.8394839099191675
4.033403340334034,-1.180656819549558
4.034403440344034,-0.7782976845950801
4.035403540354036,-0.4286537080527274
4.036403640364036,-0.5201701439921091
4.037403740374037,-0.6714193631375185
4.0384038403840385,-0.6351260771248745
4.039403940394039,-0.771984370102726
4.040404040404041,-0.5967885427423506
4.041404140414041,-0.4880894225651092
4.042404240424043,-0.9679587820836322
4.043404340434043,-0.5883597055031974
4.044404440444044,-0.46530144523868927
4.0454045404540455,-0.7382988971712243
4.046404640464046,-0.5186202663378194
4.047404740474048,-0.09930206467932046
4.048404840484048,-0.6865649785603901
4.04940494049405,-0.5904892642371373
4.05040504050405,-0.820207019605517
4.051405140514051,-0.6397808599918607
4.0524052405240525,-0.5874027049784711
4.053405340534053,-0.6439048342074821
4.054405440544055,-0.8902188604999042
4.055405540554055,-0.6484040459768237
4.056405640564057,-0.4006238131426054
4.057405740574057,-0.6067123333624654
4.058405840584059,-0.5074083065463096
4.0594059405940595,-0.7505640573672197
4.06040604060406,-0.5565270838020686
4.061406140614062,-0.6539884703149801
4.062406240624062,-0.9033484169748054
4.063406340634064,-0.6527755190546223
4.064406440644064,-0.9181216069050308
4.065406540654066,-0.8496498781919339
4.066406640664066,-0.6884885953672486
4.067406740674067,-0.670174610443002
4.0684068406840685,-0.9707278314377042
4.069406940694069,-0.5253306130889364
4.070407040704071,-0.6249613870263862
4.071407140714071,-0.8835315427578643
4.072407240724073,-1.0533142568712874
4.073407340734073,-0.777977776031206
4.074407440744074,-0.841373178287335
4.0754075407540755,-0.732731824343289
4.076407640764076,-0.8311465257321635
4.077407740774078,-1.1631655337782167
4.078407840784078,-0.8424821009791071
4.07940794079408,-0.8290625642770176
4.08040804080408,-0.6443199367189435
4.081408140814081,-0.9137927412061302
4.0824082408240825,-0.44150569568085624
4.083408340834083,-1.162643618812568
4.084408440844085,-0.5211438368355721
4.085408540854085,-0.8312898031466756
4.086408640864087,-0.6175444477597372
4.087408740874087,-0.7765231755300587
4.088408840884089,-0.5675809486366191
4.0894089408940895,-0.8759594625312017
4.09040904090409,-1.0211924959733547
4.091409140914092,-0.5203351199697246
4.092409240924092,-0.8300857962626199
4.093409340934094,-0.7660176835880003
4.094409440944094,-0.5663046270691481
4.095409540954096,-1.0225575093658028
4.096409640964096,-0.699965451551791
4.097409740974097,-0.9399253715294424
4.0984098409840986,-0.8512485999129401
4.099409940994099,-0.8132126644194823
4.100410041004101,-1.1305518798524878
4.101410141014101,-0.9890991891568109
4.102410241024103,-0.5659266001346068
4.103410341034103,-0.661697366379965
4.104410441044104,-0.8542428753904353
4.1054105410541055,-0.795854457729552
4.106410641064106,-0.9060765775184356
4.107410741074108,-0.5786449678559002
4.108410841084108,-0.8927502755527063
4.10941094109411,-0.8090139080077552
4.11041104110411,-0.6288632211023606
4.111411141114112,-1.0162147335027103
4.1124112411241125,-0.5516379558643727
4.113411341134113,-1.1721275075646114
4.114411441144115,-0.5427302163401846
4.115411541154115,-0.9458010683498203
4.116411641164117,-0.9223968106132976
4.117411741174117,-1.2544339141994163
4.118411841184119,-0.9699492612081246
4.1194119411941195,-1.0894935904923866
4.12041204120412,-1.0055869591347186
4.121412141214122,-0.9140286391520651
4.122412241224122,-0.6975001406508969
4.123412341234124,-0.85001298440643
4.124412441244124,-0.8324566012317802
4.125412541254126,-1.115537086011178
4.126412641264126,-1.0750082151474725
4.127412741274127,-0.5415194092806445
4.1284128412841286,-1.050694376989267
4.129412941294129,-0.5747849332376257
4.130413041304131,-0.9569938092760527
4.131413141314131,-0.9102614566224928
4.132413241324133,-0.698965891473936
4.133413341334133,-0.6609626414939604
4.134413441344134,-0.9397880809307181
4.1354135413541355,-0.9975407817090145
4.136413641364136,-0.9333249410514435
4.137413741374138,-0.8567800239059478
4.138413841384138,-0.7483233884760652
4.13941394139414,-0.9279325892528318
4.14041404140414,-0.807177496950798
4.141414141414142,-0.6054406878955143
4.1424142414241425,-0.858990194563991
4.143414341434143,-0.8750425565365721
4.144414441444145,-1.2432577553114958
4.145414541454145,-1.4677054564380865
4.146414641464147,-0.8659494232244989
4.147414741474147,-0.9646357821539249
4.148414841484149,-1.0506549907629175
4.1494149414941495,-0.9010010147261511
4.15041504150415,-0.9637774085575522
4.151415141514152,-0.7281111552149314
4.152415241524152,-0.9383964385107315
4.153415341534154,-1.1069354695576992
4.154415441544154,-0.7614304886943744
4.155415541554156,-1.0047835296221463
4.156415641564156,-0.8579241415369312
4.157415741574157,-1.0605683005764337
4.158415841584159,-1.0968866675199012
4.159415941594159,-0.951903158725206
4.160416041604161,-0.9679669075568917
4.161416141614161,-0.8763433124208105
4.162416241624163,-1.027794140339111
4.163416341634163,-1.3430733394663616
4.164416441644164,-1.0640726118866854
4.1654165416541655,-0.8204505908630368
4.166416641664166,-1.0403658838519125
4.167416741674168,-1.0318236054103598
4.168416841684168,-0.7869076931115127
4.16941694169417,-1.1281934615868192
4.17041704170417,-1.2959549747496482
4.171417141714172,-1.0210957044561915
4.1724172417241725,-1.0873589967918256
4.173417341734173,-1.1853077157813106
4.174417441744175,-1.0286478510558232
4.175417541754175,-0.8967641453937789
4.176417641764177,-0.9983954539185821
4.177417741774177,-0.9365932912089766
4.178417841784179,-0.6367389738622751
4.1794179417941795,-1.0694064843894535
4.18041804180418,-0.9465503220902334
4.181418141814182,-1.1054311453664842
4.182418241824182,-1.174207876720542
4.183418341834184,-1.1232439093027307
4.184418441844184,-1.1033194754200575
4.185418541854186,-0.9369568720973841
4.186418641864186,-0.5402999848619519
4.187418741874187,-1.1545657330046109
4.188418841884189,-1.0959027569604587
4.189418941894189,-1.0264016494198367
4.190419041904191,-0.9357952839655047
4.191419141914191,-0.9634015100014077
4.192419241924193,-0.7604277006385333
4.193419341934193,-1.5036389862504982
4.194419441944194,-1.496838742661144
4.1954195419541955,-1.119699042106992
4.196419641964196,-0.8021124114843768
4.197419741974198,-1.3357294591702897
4.198419841984198,-1.6251320483386285
4.1994199419942,-0.9103537122943886
4.2004200420042,-0.9768204101850302
4.201420142014202,-1.2445340093535806
4.2024202420242025,-1.2245188970910634
4.203420342034203,-1.222256510690866
4.204420442044205,-1.0070755997053884
4.205420542054205,-1.155298688025996
4.206420642064207,-0.9320538590506563
4.207420742074207,-1.6026009940465964
4.208420842084209,-1.2038330305554017
4.2094209420942095,-1.2584383928868603
4.21042104210421,-1.0852385971188907
4.211421142114212,-1.1423007626908241
4.212421242124212,-0.8758210654056316
4.213421342134214,-1.4079336197801695
4.214421442144214,-1.0276222215390853
4.215421542154216,-0.9256852652321296
4.216421642164216,-0.6666328525596337
4.217421742174217,-1.134903057032005
4.218421842184219,-0.9742233746439904
4.219421942194219,-1.4004305741064458
4.220422042204221,-1.5185698423364111
4.221422142214221,-0.8717219572247742
4.222422242224223,-1.0422647470790654
4.223422342234223,-0.8059036122604418
4.224422442244224,-1.3167177774374528
4.2254225422542255,-0.9384653911745087
4.226422642264226,-0.6690684236938335
4.227422742274228,-0.959254580224018
4.228422842284228,-0.9882206331394597
4.22942294229423,-1.0421444584381263
4.23042304230423,-1.3583282008865007
4.231423142314232,-0.7733110390375502
4.2324232423242325,-1.1668483408840158
4.233423342334233,-0.9440088073990613
4.234423442344235,-1.3577184145560868
4.235423542354235,-1.281187020148228
4.236423642364237,-0.7584385722926763
4.237423742374237,-1.1150548979743309
4.238423842384239,-0.7550551492680604
4.2394239423942395,-1.0614495907473955
4.24042404240424,-1.4142536328937352
4.241424142414242,-0.8675085781972358
4.242424242424242,-1.1639259784048712
4.243424342434244,-0.9062125629498927
4.244424442444244,-1.0408883550822385
4.245424542454246,-1.3545117681291308
4.2464246424642464,-1.0129641541344685
4.247424742474247,-0.6064908546970345
4.248424842484249,-0.9470279599572762
4.249424942494249,-1.05699596559968
4.250425042504251,-0.8302682957738081
4.251425142514251,-1.0030252459720534
4.252425242524253,-1.003051462171853
4.253425342534253,-1.2630601237464654
4.254425442544254,-0.9977196834708003
4.2554255425542555,-0.8371322300598629
4.256425642564256,-1.2111424018862529
4.257425742574258,-0.7587173075878179
4.258425842584258,-1.0616216289562042
4.25942594259426,-1.2204757411464897
4.26042604260426,-0.8430143119221382
4.261426142614262,-1.0994959488427198
4.2624262426242625,-0.8898079975052822
4.263426342634263,-1.0996140875085734
4.264426442644265,-1.0527565032236181
4.265426542654265,-0.9415856900083684
4.266426642664267,-0.9816023349327194
4.267426742674267,-1.4383496944859604
4.268426842684269,-1.2629312727103754
4.2694269426942695,-0.8522173271915483
4.27042704270427,-1.063921074191265
4.271427142714272,-1.1416121024991586
4.272427242724272,-1.3079304051010852
4.273427342734274,-1.2514903231063814
4.274427442744274,-1.4392079632956958
4.275427542754276,-1.0543872989266247
4.2764276427642764,-1.1530793592231834
4.277427742774277,-1.2259479026946993
4.278427842784279,-1.0454713106492097
4.279427942794279,-0.9582466473719311
4.280428042804281,-0.6115732097412683
4.281428142814281,-1.3317394061783363
4.282428242824283,-0.7966143726792881
4.283428342834283,-0.8329760915719586
4.284428442844284,-1.1824987686384958
4.2854285428542855,-0.9850948733966266
4.286428642864286,-1.116308617122623
4.287428742874288,-0.98666224714849
4.288428842884288,-0.720969884025763
4.28942894289429,-0.9006491264286336
4.29042904290429,-0.9190011834206526
4.291429142914292,-1.1057154429381568
4.2924292429242925,-1.3153739062942522
4.293429342934293,-1.0591435217870862
4.294429442944295,-0.7749939064176057
4.295429542954295,-1.3205931579035861
4.296429642964297,-1.2249999418487343
4.297429742974297,-0.987529476780485
4.298429842984299,-1.2084934535542105
4.2994299429942995,-1.1688252186684611
4.3004300430043,-1.0937768825153342
4.301430143014302,-1.2808959331553103
4.302430243024302,-1.20129080268883
4.303430343034304,-0.8644535727505781
4.304430443044304,-1.2652646240989496
4.305430543054306,-1.3219954431195386
4.3064306430643065,-1.1270352466502862
4.307430743074307,-0.8532273204410485
4.308430843084309,-1.0375699389275927
4.309430943094309,-1.0896479868172069
4.310431043104311,-0.9863852951165182
4.311431143114311,-1.3429029670379997
4.312431243124313,-0.8933039716198075
4.313431343134313,-0.9140209684849236
4.314431443144314,-1.071011847653852
4.3154315431543155,-0.7863867901931636
4.316431643164316,-1.211471870452261
4.317431743174318,-0.7587712860246119
4.318431843184318,-0.9518143197555357
4.31943194319432,-1.0483631322821634
4.32043204320432,-0.9833465558557031
4.321432143214322,-0.9991237100357745
4.3224322432243225,-0.7318928806294214
4.323432343234323,-1.1895438254832307
4.324432443244325,-1.1249502877746786
4.325432543254325,-0.7634042649634355
4.326432643264327,-1.0879702616694953
4.327432743274327,-0.7869351833369854
4.328432843284329,-0.6253132851266304
4.3294329432943295,-1.0436983953776253
4.33043304330433,-0.8251861255925225
4.331433143314332,-1.1902966088102889
4.332433243324332,-0.8066914840740511
4.333433343334334,-0.9158138366726126
4.334433443344334,-0.8591320369135825
4.335433543354336,-1.0808758075049871
4.3364336433643365,-1.2819804879479213
4.337433743374337,-0.8470965880347373
4.338433843384339,-1.3583916851923703
4.339433943394339,-1.007126138282657
4.340434043404341,-0.7533456576909703
4.341434143414341,-0.9011095562319523
4.342434243424343,-0.5477088041660014
4.343434343434343,-0.7302249663103271
4.344434443444344,-1.063877249580831
4.3454345434543455,-0.9254670605202764
4.346434643464346,-0.9382175098550887
4.347434743474348,-1.2429739026392332
4.348434843484348,-1.112395141835552
4.34943494349435,-1.0342260573110784
4.35043504350435,-1.3270582842164036
4.351435143514352,-0.9080376703044591
4.3524352435243525,-0.9650548686768534
4.353435343534353,-1.247505454857718
4.354435443544355,-0.8297523996927271
4.355435543554355,-0.7650709301791758
4.356435643564357,-0.8604713835061731
4.357435743574357,-0.9683070945116835
4.358435843584359,-0.7828026762322702
4.3594359435943595,-0.7626272360684359
4.36043604360436,-0.8347534384655539
4.361436143614362,-1.058702178249313
4.362436243624362,-0.8359879718055767
4.363436343634364,-0.6497233026054854
4.364436443644364,-1.005639554233503
4.365436543654366,-0.46420327769568903
4.3664366436643665,-0.9863779206218828
4.367436743674367,-0.8722141973970605
4.368436843684369,-1.010619956711525
4.369436943694369,-0.8288793728609936
4.370437043704371,-1.21937214069498
4.371437143714371,-0.9775140787507159
4.372437243724373,-1.0840916262877651
4.373437343734373,-0.8359452305985635
4.374437443744374,-0.6614528826780981
4.3754375437543755,-0.7284546191139777
4.376437643764376,-1.3292853667208688
4.377437743774378,-0.4438214399188013
4.378437843784378,-0.7904455955493719
4.37943794379438,-1.002052062004909
4.38043804380438,-0.8125618378291363
4.381438143814382,-0.8059692833315913
4.3824382438243825,-0.9717815574734366
4.383438343834383,-0.7960178890370593
4.384438443844385,-0.9542700333070708
4.385438543854385,-0.9108073756921143
4.386438643864387,-0.9643353575585585
4.387438743874387,-1.1107435978262188
4.388438843884389,-0.7921572164002637
4.3894389438943895,-0.7013652602142216
4.39043904390439,-0.7125346378337858
4.391439143914392,-0.6485981949885995
4.392439243924392,-0.7447728779168505
4.393439343934394,-0.9132295874281966
4.394439443944394,-0.63578128426393
4.395439543954396,-1.0722332445357488
4.3964396439643965,-0.9778659115979533
4.397439743974397,-0.9875598765813023
4.398439843984399,-0.5756833164040062
4.399439943994399,-0.6000980406282826
4.400440044004401,-0.6881425716059135
4.401440144014401,-0.5681522933956225
4.402440244024403,-0.9553163542189436
4.403440344034403,-0.7066493014256812
4.404440444044404,-0.7982988480575443
4.4054405440544055,-0.6007704013346953
4.406440644064406,-0.7900618649891292
4.407440744074408,-0.8408632435103267
4.408440844084408,-0.6525381752479403
4.40944094409441,-0.5823189396840566
4.41044104410441,-0.8880425029761795
4.411441144114412,-0.7633972020153341
4.4124412441244125,-0.9596668276303729
4.413441344134413,-1.2443756839722724
4.414441444144415,-0.7014445975973009
4.415441544154415,-0.6165168777106267
4.416441644164417,-0.6826345121566365
4.417441744174417,-1.121698761134549
4.418441844184419,-0.7986835848779676
4.4194419441944195,-1.168899389294102
4.42044204420442,-0.44799473118537947
4.421442144214422,-0.935840081843282
4.422442244224422,-0.46423187414846345
4.423442344234424,-0.5228114368692066
4.424442444244424,-0.8887656660274899
4.425442544254426,-0.9318563978119292
4.4264426442644265,-0.631866880584722
4.427442744274427,-0.867437074370785
4.428442844284429,-0.6746966312027767
4.429442944294429,-0.7883704433350361
4.430443044304431,-1.0446381700022833
4.431443144314431,-1.1310919731644473
4.432443244324433,-0.636243846400818
4.433443344334433,-0.7904651412219129
4.434443444344434,-0.7853351451827059
4.4354435443544356,-0.532098823026428
4.436443644364436,-0.43312848929426606
4.437443744374438,-0.7188623132387243
4.438443844384438,-0.7290007314093663
4.43944394439444,-0.5573713276268719
4.44044404440444,-0.9252974423141098
4.441444144414442,-0.6057816884826277
4.4424442444244425,-0.5365287803751525
4.443444344434443,-0.5073454402085837
4.444444444444445,-1.0272194892603541
4.445444544454445,-0.7886095574439522
4.446444644464447,-0.8084529250269799
4.447444744474447,-0.6092769994803797
4.448444844484449,-0.5295520641437818
4.4494449444944495,-0.32279809134213133
4.45044504450445,-0.7175651940441213
4.451445144514452,-0.7145113848207533
4.452445244524452,-0.3814802604970466
4.453445344534454,-0.5485101777092906
4.454445444544454,-0.35069941667377935
4.455445544554456,-0.5428816546999513
4.4564456445644565,-0.8284416290816216
4.457445744574457,-0.8600286709356231
4.458445844584459,-0.9000839201947195
4.459445944594459,-0.4537434809484502
4.460446044604461,-0.344800899456291
4.461446144614461,-0.20900842235235734
4.462446244624463,-0.406614673008012
4.463446344634463,-0.3390173471737403
4.464446444644464,-0.683932219030388
4.4654465446544656,-0.7955507046863735
4.466446644664466,-0.3905850952762947
4.467446744674468,-0.47339319603513647
4.468446844684468,-0.5317639535019487
4.46944694469447,-0.47209724429810707
4.47044704470447,-0.48124851929391566
4.471447144714472,-0.2854318157505376
4.4724472447244725,-0.27950327266130154
4.473447344734473,-0.4259572845395606
4.474447444744475,-0.3619376429826024
4.475447544754475,-0.42457860033546907
4.476447644764477,-0.6159141152257328
4.477447744774477,-0.36865259044014864
4.478447844784479,-0.7951463284280771
4.4794479447944795,-0.3017473601698585
4.48044804480448,-0.7477053154847763
4.481448144814482,-0.447911962270243
4.482448244824482,-0.6703722729419899
4.483448344834484,-0.38692965019823894
4.484448444844484,-0.5006556959412337
4.485448544854486,-0.8090824192273496
4.4864486448644865,-0.40224938568436835
4.487448744874487,-0.5982291936021601
4.488448844884489,-0.3026691971109702
4.489448944894489,-0.4748848179225406
4.490449044904491,-0.39231521903807554
4.491449144914491,-0.6591608483281675
4.492449244924493,-0.5817594603103481
4.493449344934493,-0.5518651481712366
4.494449444944494,-0.28503991679454543
4.495449544954496,-0.11714670687731182
4.496449644964496,-0.6098970408155096
4.497449744974498,-0.2297326167138429
4.498449844984498,-0.8752764082170585
4.4994499449945,-0.6764167424390792
4.5004500450045,-0.6255718841733329
4.501450145014502,-0.7005547893155193
4.5024502450245025,-0.7430072502211484
4.503450345034503,-0.3399261075399218
4.504450445044505,-0.46157567855566106
4.505450545054505,-0.33911737428456296
4.506450645064507,-0.27314043148124856
4.507450745074507,-0.35434841935906247
4.508450845084509,-0.2721565006496559
4.5094509450945095,-0.4138535137436308
4.51045104510451,-0.6335843915477694
4.511451145114512,-0.18086240584673882
4.512451245124512,-0.506488201285737
4.513451345134514,-0.5720267055556482
4.514451445144514,-0.4167339640472224
4.515451545154516,-0.5599569213811475
4.5164516451645165,-0.4571267015332625
4.517451745174517,-0.3010774007174136
4.518451845184519,-0.2964692025320203
4.519451945194519,-0.5419548675157744
4.520452045204521,-0.4561833040711411
4.521452145214521,-0.14003120793833657
4.522452245224523,-0.2518757015261764
4.523452345234523,0.06759689739217639
4.524452445244524,-0.10765346265185219
4.525452545254526,-0.11108620425723034
4.526452645264526,-0.6137871142332114
4.527452745274528,-0.1797129173728965
4.528452845284528,-0.33938106058038553
4.52945294529453,-0.43523403388607385
4.53045304530453,-0.28771596962506457
4.531453145314532,-0.12856161800014648
4.5324532453245325,-0.21372614736919887
4.533453345334533,-0.48587955055346926
4.534453445344535,-0.15798924674606554
4.535453545354535,-0.4302988217020782
4.536453645364537,-0.2557491479132123
4.537453745374537,-0.3560645479423277
4.538453845384539,-0.33548098134664595
4.5394539453945395,-0.13477689560615733
4.54045404540454,-0.4923866862595574
4.541454145414542,0.10836380005449414
4.542454245424542,-0.6412246504862966
4.543454345434544,-0.39287827266581793
4.544454445444544,-0.19564486294808323
4.545454545454546,-0.1491722458073414
4.5464546454645465,-0.28248352202929145
4.547454745474547,-0.270225405143367
4.548454845484549,-0.17300184877189315
4.549454945494549,-0.2976962038568507
4.550455045504551,0.030777533189431855
4.551455145514551,-0.07637139905706714
4.552455245524553,-0.06606507434434472
4.5534553455345534,-0.4302563563489023
4.554455445544554,-0.2493042332069204
4.555455545554556,-0.28992786895516764
4.556455645564556,-0.4273698038544757
4.557455745574558,-0.15063838410767177
4.558455845584558,-0.32662903102550467
4.55945594559456,-0.08445486184091963
4.56045604560456,-0.4260169015297554
4.561456145614562,0.13537923700066348
4.5624562456245625,-0.38415317170194974
4.563456345634563,-0.15749150671930068
4.564456445644565,-0.0394531476126192
4.565456545654565,-0.30843395384024014
4.566456645664567,-0.020300940651227728
4.567456745674567,-0.43312825433112967
4.568456845684569,0.1066269556538662
4.5694569456945695,-0.17748008427220557
4.57045704570457,-0.29611399491091
4.571457145714572,-0.23319838572191534
4.572457245724572,-0.008117155638951351
4.573457345734574,-0.283339824615761
4.574457445744574,-0.3128769569772908
4.575457545754576,-0.20387840482897518
4.5764576457645765,-0.39153830428883707
4.577457745774577,0.211378856824563
4.578457845784579,-0.2626022486132064
4.579457945794579,0.020397143147306757
4.580458045804581,-0.10064467428313255
4.581458145814581,-0.3360676858860606
4.582458245824583,-0.13698382445970003
4.5834583458345834,0.024365730624249182
4.584458445844584,-0.16673908395275797
4.585458545854586,0.11287361864027515
4.586458645864586,0.08188168018319811
4.587458745874588,0.06467875858688582
4.588458845884588,-0.20772887830211606
4.58945894589459,-0.3284699333592943
4.59045904590459,-0.23193360371993185
4.591459145914592,-0.06669336219367408
4.5924592459245925,0.006479386412222024
4.593459345934593,-0.533739690455144
4.594459445944595,-0.09780665872723145
4.595459545954595,-0.061336045879775286
4.596459645964597,-0.1452439858184764
4.597459745974597,0.17172691164680878
4.598459845984599,0.001023852703401773
4.5994599459945995,0.1818902232135999
4.6004600460046,-0.12016805434238201
4.601460146014602,0.11367985592832724
4.602460246024602,0.25634593931928706
4.603460346034604,0.19480754480082493
4.604460446044604,-0.2828354808596214
4.605460546054606,-0.11203070910600507
4.6064606460646065,-0.12722918251400206
4.607460746074607,0.042741399817853326
4.608460846084609,0.08523531910052723
4.609460946094609,-0.21675253076574344
4.610461046104611,-0.0323577164433749
4.611461146114611,-0.4468752274160731
4.612461246124613,0.2485218812160876
4.6134613461346134,-0.13933244237162185
4.614461446144614,-0.022688493441108903
4.615461546154616,-0.0928082212265838
4.616461646164616,0.20129683333534845
4.617461746174618,-0.592453875185727
4.618461846184618,-0.025332157795472047
4.61946194619462,-0.04024503502336151
4.62046204620462,-0.10689354098581802
4.621462146214622,0.33198018659249384
4.6224622462246225,-0.18784384525903225
4.623462346234623,0.146854386971553
4.624462446244625,0.06660465871279317
4.625462546254625,0.2505026544510841
4.626462646264627,-0.13240864679898992
4.627462746274627,-0.1427486698729049
4.628462846284629,0.22586051579931168
4.6294629462946295,0.09449761648675635
4.63046304630463,-0.29678198558682
4.631463146314632,-0.09289816891851395
4.632463246324632,0.09498184979822304
4.633463346334634,0.18798569739963117
4.634463446344634,-0.11270077965052025
4.635463546354636,-0.5570084697591053
4.6364636463646365,0.13316953802539566
4.637463746374637,-0.21287235218084966
4.638463846384639,-0.36962445916885395
4.639463946394639,-0.5299858220486114
4.640464046404641,0.20189606412112568
4.641464146414641,0.06742829740415424
4.642464246424643,-0.0008372473275312653
4.6434643464346435,0.3246723499687084
4.644464446444644,0.17689001111098532
4.645464546454646,0.3752267509324315
4.646464646464646,-0.2240546905439695
4.647464746474648,0.050091857776466346
4.648464846484648,-0.2638472723201386
4.64946494649465,0.016096122766767106
4.65046504650465,0.01471029685742524
4.651465146514652,0.19220069187821437
4.6524652465246525,0.07841878284988149
4.653465346534653,0.19639894959781265
4.654465446544655,0.21480046546445797
4.655465546554655,0.5074764219419962
4.656465646564657,0.015792863641650876
4.657465746574657,-0.10700764601102702
4.658465846584659,0.1327414391002627
4.6594659465946595,-0.07462041296455629
4.66046604660466,0.3845216098300539
4.661466146614662,0.03376263275087162
4.662466246624662,-0.02044939372956224
4.663466346634664,0.0006451647466776955
4.664466446644664,0.24081694827743041
4.665466546654666,0.06779188339788458
4.6664666466646665,-0.02680166855135807
4.667466746674667,0.43677503125031863
4.668466846684669,-0.0653738927462224
4.669466946694669,0.11511113259247957
4.670467046704671,0.24057934531886982
4.671467146714671,-0.21404641424824267
4.672467246724673,0.21035743814449942
4.6734673467346735,-0.09464928770443054
4.674467446744674,0.2829778356472922
4.675467546754676,-0.0720778244420413
4.676467646764676,0.26101929371057303
4.677467746774678,0.3456271662570916
4.678467846784678,0.2987248261177082
4.67946794679468,0.17865966780326276
4.68046804680468,0.08407676350165877
4.681468146814682,0.01697539587772308
4.6824682468246825,0.4283703026112627
4.683468346834683,-0.003849982150779252
4.684468446844685,-0.06949686061263047
4.685468546854685,0.2728389795299052
4.686468646864687,-0.017631831299880496
4.687468746874687,-0.04660538199038569
4.688468846884689,-0.1435203416832993
4.6894689468946895,0.05039309569292877
4.69046904690469,0.13218792650524241
4.691469146914692,0.1990864154354983
4.692469246924692,0.34244768513237595
4.693469346934694,0.25926557273403794
4.694469446944694,0.11739223956598366
4.695469546954696,0.11758934659201642
4.6964696469646965,0.2609028369074299
4.697469746974697,0.41500926056337545
4.698469846984699,0.18736293783938904
4.699469946994699,0.06985974447672937
4.700470047004701,-0.033320557027020026
4.701470147014701,-0.12224080745566457
4.702470247024703,0.3015826210945838
4.7034703470347035,0.2854336371398715
4.704470447044704,0.2868006538592934
4.705470547054706,0.14706681371548855
4.706470647064706,0.4556371118459064
4.707470747074708,0.07885859756818273
4.708470847084708,0.36814892127336385
4.70947094709471,0.17073988589485523
4.71047104710471,0.058192287708849044
4.711471147114712,0.29972303432106484
4.7124712471247125,0.2644792578308227
4.713471347134713,0.25526214956410437
4.714471447144715,0.201419322269294
4.715471547154715,0.17886151313745938
4.716471647164717,0.6653714468926062
4.717471747174717,0.4257856999448161
4.718471847184719,0.3347174535687865
4.7194719471947195,0.21370996908261583
4.72047204720472,0.3939599785564137
4.721472147214722,0.2972862125518971
4.722472247224722,0.2000672250187023
4.723472347234724,0.13523270626308792
4.724472447244724,0.18086166240250412
4.725472547254726,-0.43596021395511264
4.7264726472647265,0.24130513272840784
4.727472747274727,0.10252999335022826
4.728472847284729,0.5197796516752133
4.729472947294729,0.2061150930537355
4.730473047304731,-0.034565607037509716
4.731473147314731,0.19421200280145562
4.732473247324733,-0.004095079379204863
4.7334733473347335,0.30073186129442026
4.734473447344734,0.2651412181090065
4.735473547354736,0.3994011559746268
4.736473647364736,0.05051846499431745
4.737473747374738,0.21633813766637247
4.738473847384738,-0.0626460508382718
4.73947394739474,0.35145914322083016
4.74047404740474,0.3157163850906053
4.741474147414742,0.3118651945590533
4.7424742474247426,0.21377011355698478
4.743474347434743,0.2971230751431295
4.744474447444745,0.5357385790903066
4.745474547454745,0.15853423597093863
4.746474647464747,0.24394452313136536
4.747474747474747,-0.00036730503913004475
4.748474847484749,0.043828301407626585
4.7494749474947495,0.23764576370809992
4.75047504750475,0.4394525009178739
4.751475147514752,0.1679723918183405
4.752475247524752,0.1725880987600195
4.753475347534754,0.13891729157882898
4.754475447544754,0.1138460358926873
4.755475547554756,0.280274791110067
4.7564756475647565,-0.07770779145736667
4.757475747574757,0.4783750063804229
4.758475847584759,0.08952610967965696
4.759475947594759,0.36739487914705027
4.760476047604761,-0.030601779691140918
4.761476147614761,0.357529879850361
4.762476247624763,0.3584948575043928
4.7634763476347635,0.3012706135808847
4.764476447644764,0.025848952654670243
4.765476547654766,0.27492896169126685
4.766476647664766,-0.011327022405664966
4.767476747674768,0.17497669415806533
4.768476847684768,0.43163735248700685
4.76947694769477,0.38530077868776796
4.77047704770477,0.2291829347537745
4.771477147714772,0.03135129492017369
4.7724772477247726,0.35557674693379254
4.773477347734773,0.23046239736997068
4.774477447744775,-0.23736965239291552
4.775477547754775,0.383307143935242
4.776477647764777,0.22200273996588296
4.777477747774777,0.46738812445333366
4.778477847784779,0.00787280339885843
4.7794779477947795,-0.4084043340795135
4.78047804780478,0.2827432363313799
4.781478147814782,0.2852097771796954
4.782478247824782,-0.11128613831373368
4.783478347834784,0.031080019421850097
4.784478447844784,0.7777358433231825
4.785478547854786,0.16546319163284395
4.7864786478647865,0.3726508135563524
4.787478747874787,0.09618147131738511
4.788478847884789,-0.19191197829341083
4.789478947894789,0.19191289518636345
4.790479047904791,0.17264038686470656
4.791479147914791,0.14556325051624372
4.792479247924793,0.2023692097871077
4.7934793479347935,0.2778904242383106
4.794479447944794,0.1947337228439963
4.795479547954796,-0.028342790653743954
4.796479647964796,0.3213777549408412
4.797479747974798,-0.16607013899193768
4.798479847984798,-0.18662276358847474
4.7994799479948,0.37091048225478923
4.8004800480048,0.3240852728321612
4.801480148014802,0.21079020081264022
4.802480248024803,-0.057251109991811155
4.803480348034803,0.07980702373094548
4.804480448044805,0.16837182976026913
4.805480548054805,-0.09874425702739939
4.806480648064807,0.07212359654305087
4.807480748074807,0.3498716661029018
4.808480848084809,0.5043244659680413
4.8094809480948095,0.13441580767820616
4.81048104810481,0.369021411432546
4.811481148114812,-0.16568562646107649
4.812481248124812,0.3484009958243641
4.813481348134814,0.055087186249451775
4.814481448144814,0.27669392522440056
4.815481548154816,0.16500411211724722
4.8164816481648165,0.4779491035493011
4.817481748174817,0.03827284109468401
4.818481848184819,0.3379569148300832
4.819481948194819,0.15579191528166736
4.820482048204821,0.17927218635181388
4.821482148214821,0.1733845526803389
4.822482248224823,0.04022498970522359
4.8234823482348235,0.20572638186417053
4.824482448244824,0.1951854360534805
4.825482548254826,0.2551144330455395
4.826482648264826,0.22290116992477418
4.827482748274828,0.3647153203631424
4.828482848284828,0.38891697384578827
4.82948294829483,-0.006827944075450398
4.83048304830483,0.3761153790422804
4.831483148314832,-0.03585949876001854
4.832483248324833,0.3180086818527985
4.833483348334833,0.32339784987082953
4.834483448344835,-0.18381776364825186
4.835483548354835,0.2160199812878984
4.836483648364837,0.10268648523020146
4.837483748374837,0.043577354516958405
4.838483848384839,0.46442875696286123
4.8394839483948395,0.06243359874065921
4.84048404840484,0.030788493793846072
4.841484148414842,0.2060807030158875
4.842484248424842,0.32692094882589684
4.843484348434844,0.1603180831335206
4.844484448444844,0.42075029407523024
4.845484548454846,0.2924833539457102
4.8464846484648465,-0.25055828506017513
4.847484748474847,0.07797013349868398
4.848484848484849,0.0702585134226761
4.849484948494849,0.2772464611842611
4.850485048504851,-0.3448578025938052
4.851485148514851,0.6886229609767754
4.852485248524853,0.2837257930496414
4.8534853485348535,0.20597970641258245
4.854485448544854,0.41118595014264325
4.855485548554856,0.642255641785001
4.856485648564856,0.3463110216075807
4.857485748574858,0.36054568502870254
4.858485848584858,0.19552703022144502
4.85948594859486,0.1396744962670003
4.86048604860486,0.07139591772793052
4.861486148614862,-0.00010721780270217529
4.862486248624863,0.026257425963315484
4.863486348634863,-0.10792091284304842
4.864486448644865,0.1455310706522991
4.865486548654865,-0.17772794889842808
4.866486648664867,0.19587428094533432
4.867486748674867,0.14889554717025472
4.868486848684869,0.18400478394828243
4.8694869486948695,0.04863290878019083
4.87048704870487,0.7668583189944029
4.871487148714872,0.4219220519137802
4.872487248724872,-0.1006113149498126
4.873487348734874,0.19325488397249807
4.874487448744874,0.023449969942300142
4.875487548754876,-0.05948888132720498
4.8764876487648765,-0.1262654680422189
4.877487748774877,0.22652026684666735
4.878487848784879,0.0021150486111279065
4.879487948794879,0.33025673626167673
4.880488048804881,0.33373476398395874
4.881488148814881,0.40803442681972724
4.882488248824883,-0.038966049974915595
4.8834883488348835,0.22483078967962195
4.884488448844884,0.2544815724726188
4.885488548854886,0.03137493987297854
4.886488648864886,-0.029937099465752876
4.887488748874888,0.44451510125239563
4.888488848884888,0.16629086625774275
4.88948894889489,0.24615309952589987
4.8904890489048904,-0.04730057076408335
4.891489148914892,-0.12859986649695815
4.892489248924893,-0.0005031305046300227
4.893489348934893,0.08669983662009097
4.894489448944895,-0.10323501536477851
4.895489548954895,0.10573256877981906
4.896489648964897,-0.23191919923642496
4.897489748974897,-0.12015948382099594
4.898489848984899,0.23608835844635506
4.8994899489948995,0.2207083584979447
4.9004900490049,0.01960717657320296
4.901490149014902,-0.10754983506875065
4.902490249024902,-0.11146887194078338
4.903490349034904,0.017355408247554174
4.904490449044904,0.21889847551505154
4.905490549054906,0.27361822939741676
4.9064906490649065,-0.013374254035641756
4.907490749074907,-0.14681460813829586
4.908490849084909,0.1353932650456021
4.909490949094909,-0.08495282520417377
4.910491049104911,-0.02597766148409078
4.911491149114911,0.3406359428041644
4.912491249124913,0.2389009253175094
4.9134913491349135,0.10295916904848026
4.914491449144914,-0.18514357863222303
4.915491549154916,0.10938499420688402
4.916491649164916,0.27749223849002425
4.917491749174918,-0.012321116106323957
4.918491849184918,0.33086310567528493
4.91949194919492,0.3170139471723183
4.9204920492049204,0.38902608550575557
4.921492149214922,0.11513289987787118
4.922492249224923,0.16935759338752904
4.923492349234923,0.3325020111820386
4.924492449244925,0.13691906032408618
4.925492549254925,-0.055040311687432925
4.926492649264927,-0.04674520446222673
4.927492749274927,0.08842192121056457
4.928492849284929,-0.21966297287813266
4.9294929492949295,0.007526821910279716
4.93049304930493,0.2532083336575961
4.931493149314932,-0.4066404443361079
4.932493249324932,0.33620937245464455
4.933493349334934,0.2514817319558334
4.934493449344934,-0.06726068915759412
4.935493549354936,0.131047254944045
4.9364936493649365,0.020667099709956747
4.937493749374937,0.2636958027340977
4.938493849384939,0.21188634236339998
4.939493949394939,-0.26702053561114186
4.940494049404941,0.12808199791083968
4.941494149414941,-0.032868037707224435
4.942494249424943,0.02244427727958653
4.9434943494349435,-0.14214407367120888
4.944494449444944,0.35072267782292404
4.945494549454946,0.2067051006123102
4.946494649464946,-0.15167140725906034
4.947494749474948,-0.27305648947758215
4.948494849484948,-0.08569326918666326
4.94949494949495,0.07591033140825199
4.9504950495049505,0.03461253764390658
4.951495149514952,0.23475262342430717
4.952495249524953,0.139657916997697
4.953495349534953,0.1731290178521876
4.954495449544955,0.04212096063311359
4.955495549554955,-0.3035816683914797
4.956495649564957,-0.06733980041196909
4.957495749574957,0.18133341472037398
4.958495849584959,-0.04347972353718083
4.9594959495949595,0.06494626760366556
4.96049604960496,-0.10192409938707252
4.961496149614962,-0.2466452963900372
4.962496249624962,-0.06786598815500777
4.963496349634964,0.016092408083989575
4.964496449644964,-0.17938008430061736
4.965496549654966,-0.0979157021799045
4.9664966496649665,-0.2412023655398689
4.967496749674967,0.1679977530638318
4.968496849684969,-0.11728904290735956
4.969496949694969,0.22960151076919735
4.970497049704971,0.24224332073548177
4.971497149714971,-0.08227693604763278
4.972497249724973,-0.27032372436444796
4.9734973497349735,-0.4883844276301866
4.974497449744974,-0.3681876789034668
4.975497549754976,-0.35112707804605753
4.976497649764976,0.1967496284732893
4.977497749774978,-0.05836779740979277
4.978497849784978,-0.0062043605284854975
4.97949794979498,-0.5308060491311253
4.9804980498049805,-0.3289156456230519
4.981498149814982,0.08548925361545448
4.982498249824983,-0.03717994966311132
4.983498349834983,-0.12658752612446725
4.984498449844985,0.013206775990621991
4.985498549854985,0.2247792136419284
4.986498649864987,-0.149210818193522
4.987498749874987,-0.09375356854829163
4.988498849884989,-0.07173647438965737
4.9894989498949895,0.3655347145051559
4.99049904990499,-0.535392745231349
4.991499149914992,0.018486005265931
4.992499249924992,-0.1437588786370053
4.993499349934994,-0.010086541138715724
4.994499449944994,-0.2575603815597305
4.995499549954996,-0.13852628896514768
4.9964996499649965,0.010899092507594299
4.997499749974997,0.48854704659582443
4.998499849984999,0.02491814315985591
4.999499949994999,-0.30895834773264597
5.000500050005001,-0.2267552318317388
5.001500150015001,-0.23534602007830346
5.002500250025003,-0.5064534735419332
5.0035003500350035,-0.2160061577690206
5.004500450045004,-0.006087125630526907
5.005500550055006,-0.41016563308581233
5.006500650065006,0.05170970619281806
5.007500750075008,-0.06310072499069598
5.008500850085008,-0.3101723724224367
5.00950095009501,-0.19430271135323993
5.0105010501050105,0.15099554111805524
5.011501150115012,-0.024632158759171657
5.012501250125013,-0.17225866014816305
5.013501350135013,-0.2242263971335995
5.014501450145015,-0.16404283978155948
5.015501550155015,-0.2843927679246702
5.016501650165017,-0.6056657473457938
5.017501750175017,0.22104365331501433
5.018501850185019,-0.1590032098483176
5.0195019501950195,-0.11311514171227578
5.02050205020502,-0.2070025400272578
5.021502150215022,-0.34512066216510534
5.022502250225022,-0.23795833349502632
5.023502350235024,-0.523328255290701
5.024502450245024,0.24929249372064627
5.025502550255026,-0.4557022536241195
5.0265026502650265,-0.4178676115839201
5.027502750275027,-0.30220005750378154
5.028502850285029,0.04079379718045115
5.029502950295029,-0.21659185717342422
5.030503050305031,-0.46939221257204045
5.031503150315031,0.026032225994918
5.032503250325033,-0.08130461970624858
5.0335033503350335,-0.12248586863176304
5.034503450345034,-0.08969285327346893
5.035503550355036,0.24336720010812296
5.036503650365036,0.19884977244734967
5.037503750375038,-0.37817476108484055
5.038503850385038,0.08128444911551228
5.03950395039504,-0.1695180515085338
5.0405040504050405,-0.14898986166159847
5.041504150415042,-0.5899186347813923
5.042504250425043,-0.2881950863074189
5.043504350435043,-0.4193340507294991
5.044504450445045,-0.09380681758018783
5.045504550455045,-0.047849491018990276
5.046504650465047,-0.679607549042063
5.047504750475047,-0.27175953151049403
5.048504850485049,-0.04562004506859871
5.0495049504950495,-0.30996534895638556
5.05050505050505,-0.12945137719923897
5.051505150515052,-0.20766281810497358
5.052505250525052,-0.21219284327737248
5.053505350535054,-0.3374139532090135
5.054505450545054,-0.5290901939276174
5.055505550555056,-0.5127000637642218
5.0565056505650565,-0.14914037674829989
5.057505750575057,-0.2897328370003494
5.058505850585059,-0.32393722793713653
5.059505950595059,-0.38361968060321466
5.060506050605061,-0.362482856760146
5.061506150615061,-0.09466258731401767
5.062506250625063,-0.3736899852084621
5.0635063506350635,-0.5774466196834844
5.064506450645064,-0.1630920375978975
5.065506550655066,-0.35538257102860255
5.066506650665066,-0.31070896338483917
5.067506750675068,0.001950650597848158
5.068506850685068,-0.3262498960198073
5.06950695069507,-0.26686964764912674
5.0705070507050705,-0.5630554267494251
5.071507150715072,-0.37376463877169486
5.072507250725073,-0.21048115823362096
5.073507350735073,-0.6460122582160637
5.074507450745075,-0.2973150887047504
5.075507550755075,-0.3198678673711228
5.076507650765077,-0.33430587151006685
5.077507750775077,-0.13766409772351154
5.078507850785079,-0.28073585184279604
5.0795079507950796,-0.05453194394562888
5.08050805080508,-0.5513820163952896
5.081508150815082,-0.3279919402492735
5.082508250825082,-0.3407911179866545
5.083508350835084,-0.5740378076404522
5.084508450845084,-0.17142508554924982
5.085508550855086,0.09975872276625214
5.0865086508650865,-0.37106361351000033
5.087508750875087,-0.26913918186374997
5.088508850885089,-0.35571517939482283
5.089508950895089,-0.5178056916668572
5.090509050905091,-0.7417050389345077
5.091509150915091,-0.5211661832376354
5.092509250925093,-0.6608558791280448
5.0935093509350935,-0.0440906527654471
5.094509450945094,-0.4103739582971475
5.095509550955096,-0.4589708592600357
5.096509650965096,-0.2143851628757302
5.097509750975098,-0.6189889814104783
5.098509850985098,-0.5504282387877188
5.0995099509951,-0.3858514242861561
5.1005100510051005,-0.19611624320616325
5.101510151015102,-0.30393085256898694
5.102510251025103,-0.3569942508683289
5.103510351035103,-0.39342068920120227
5.104510451045105,-0.33137550313292047
5.105510551055105,-0.373463954875886
5.106510651065107,-0.6221542193128311
5.107510751075107,-0.4093024589576111
5.108510851085109,-0.6356078287068808
5.1095109510951096,-0.40699858150020707
5.11051105110511,-0.5216828164252441
5.111511151115112,0.07999186755073373
5.112511251125112,-0.4381875999769154
5.113511351135114,-0.7133738871262304
5.114511451145114,-0.46167219874194165
5.115511551155116,-0.3332674705321534
5.1165116511651165,-0.10476232261657548
5.117511751175117,-0.5596142625502877
5.118511851185119,-0.760490776586905
5.119511951195119,-0.2829118577797609
5.120512051205121,-0.7246657097394957
5.121512151215121,-0.5380363472975969
5.122512251225123,-0.5045811808000067
5.1235123512351235,-0.46922808623775986
5.124512451245124,-0.3197052567265243
5.125512551255126,-0.5964941519456062
5.126512651265126,-0.5167346427470907
5.127512751275128,-0.4670566644998658
5.128512851285128,-0.436489064664367
5.12951295129513,-0.44904150063778164
5.1305130513051305,-0.38359623419200756
5.131513151315132,-0.3042120729070881
5.132513251325133,-0.39662782754613524
5.133513351335133,-0.3866042709633285
5.134513451345135,-0.795924742664283
5.135513551355135,-0.4715852719139868
5.136513651365137,-0.38787193409218373
5.137513751375137,-0.3401197275787565
5.138513851385139,-0.6265044969485907
5.13951395139514,-0.6219603880639765
5.14051405140514,-0.6070826376838337
5.141514151415142,-0.3870814345424856
5.142514251425142,-0.2896814221949887
5.143514351435144,-0.5800347450926956
5.144514451445144,-0.31902698880734087
5.145514551455146,-0.4779918213096878
5.1465146514651465,-0.5296048407842671
5.147514751475147,-0.5490759716327767
5.148514851485149,-0.3595197993052067
5.149514951495149,-0.4457609304172743
5.150515051505151,-0.05773727416385399
5.151515151515151,-0.6853645685824596
5.152515251525153,-0.41330796486377025
5.1535153515351535,-0.6247685287678482
5.154515451545154,-0.6947770738661798
5.155515551555156,-0.525075754170466
5.156515651565156,-0.4974057549416265
5.157515751575158,0.05679328860447208
5.158515851585158,-0.5656269790425418
5.15951595159516,-0.7567811522328904
5.1605160516051605,-0.4780820258460613
5.161516151615162,-0.9495420887191712
5.162516251625163,-0.5549264753588835
5.163516351635163,-0.5352422033080019
5.164516451645165,-0.38143040557636854
5.165516551655165,-0.3475203149471541
5.166516651665167,-0.6448440109813778
5.167516751675167,-0.5761292322550882
5.168516851685169,-0.7010979380366863
5.16951695169517,-0.7753446072435325
5.17051705170517,-0.4896024285130044
5.171517151715172,-0.8081387285449437
5.172517251725172,-0.6381781629274719
5.173517351735174,-0.7561096521850186
5.174517451745174,-0.44895119822933127
5.175517551755176,-0.2004056739238455
5.1765176517651765,-0.8228040173842768
5.177517751775177,-0.9348756995870788
5.178517851785179,-0.591025804411234
5.179517951795179,-0.564676122276467
5.180518051805181,-0.5258418923109361
5.181518151815181,-0.6605867358763613
5.182518251825183,-0.6131901682699364
5.1835183518351835,-0.5012906887459452
5.184518451845184,-0.368427832143452
5.185518551855186,-0.9692357734481081
5.186518651865186,-0.6537166768498163
5.187518751875188,-0.5388605535431338
5.188518851885188,-0.7669018034795947
5.18951895189519,-0.23874766730518782
5.1905190519051905,-0.7137293162442155
5.191519151915192,-0.5965623547679748
5.192519251925193,-0.47874660160939164
5.193519351935193,-0.7098459052326627
5.194519451945195,-0.9625322034745685
5.195519551955195,-0.6805678633725264
5.196519651965197,-0.39055892682317833
5.197519751975197,-0.6654268582602071
5.198519851985199,-0.7689262025170621
5.1995199519952,-0.4160871242465502
5.2005200520052,-0.6689494846645906
5.201520152015202,-0.706390324303411
5.202520252025202,-0.5760213185811845
5.203520352035204,-0.4533075910003822
5.204520452045204,-0.1326507477155514
5.205520552055206,-0.44507278226795777
5.2065206520652065,-0.38006929334334144
5.207520752075207,-0.7147385474208318
5.208520852085209,-0.8202176937071722
5.209520952095209,-0.6040673176836869
5.210521052105211,-0.5965798767786481
5.211521152115211,-0.8351874449868287
5.212521252125213,-0.656005612375367
5.2135213521352135,-0.5425357772699614
5.214521452145214,-0.5517640007120759
5.215521552155216,-0.5244192919689924
5.216521652165216,-0.5685089109223553
5.217521752175218,-0.7295194056258526
5.218521852185218,-0.7323044501828191
5.21952195219522,-0.8707121021290026
5.2205220522052205,-0.2753551718970812
5.221522152215222,-0.6309993370639242
5.222522252225223,-0.6800301385641209
5.223522352235223,-0.8221789629796832
5.224522452245225,-0.05064090266475829
5.225522552255225,-0.8537809590492136
5.226522652265227,-0.7262187566934494
5.2275227522752274,-0.5586065898181583
5.228522852285229,-0.5230471335878244
5.22952295229523,-0.45281008771419395
5.23052305230523,-0.2841725903613014
5.231523152315232,-0.5457515944706056
5.232523252325232,-0.8594691796188727
5.233523352335234,-0.7009230196241819
5.234523452345234,-0.5892295970480063
5.235523552355236,-0.23840406380928392
5.2365236523652365,-0.9328547141605178
5.237523752375237,-0.41401383236093103
5.238523852385239,-0.6197729663122984
5.239523952395239,-0.48940765575521883
5.240524052405241,-0.6785818689067167
5.241524152415241,-0.8278698795711402
5.242524252425243,-0.5104005163608061
5.2435243524352435,-0.5308719023345329
5.244524452445244,-0.46852109357955096
5.245524552455246,-0.6667591634151853
5.246524652465246,-0.785219788981057
5.247524752475248,-0.9781613579309854
5.248524852485248,-0.5036693353426891
5.24952495249525,-0.5838976073005345
5.2505250525052505,-0.8629550598274778
5.251525152515252,-0.7786278424286628
5.252525252525253,-0.7653710206542752
5.253525352535253,-0.9697139025912787
5.254525452545255,-0.83774289286184
5.255525552555255,-0.9020535541626498
5.256525652565257,-0.7588560593710871
5.2575257525752574,-0.8251642693151069
5.258525852585259,-1.0038820389861671
5.25952595259526,-0.27501110092445236
5.26052605260526,-0.43006093518082034
5.261526152615262,-0.8374047777267798
5.262526252625262,-0.6281403398823335
5.263526352635264,-0.6001472773581267
5.264526452645264,-0.4464307878566647
5.265526552655266,-0.8493686525654265
5.2665266526652665,-0.46821804183541793
5.267526752675267,-0.797204312378617
5.268526852685269,-0.9557717257975902
5.269526952695269,-0.5447401065445076
5.270527052705271,-0.43237612701707245
5.271527152715271,-0.17389867100900536
5.272527252725273,-0.9323704739670828
5.2735273527352735,-0.5535787819169609
5.274527452745274,-0.7762526502818654
5.275527552755276,-0.5385427689329152
5.276527652765276,-0.9902270005012548
5.277527752775278,-0.9495901375494102
5.278527852785278,-0.8531107958230688
5.27952795279528,-0.683035271599658
5.2805280528052805,-0.827929228932772
5.281528152815282,-0.5687796921110397
5.282528252825283,-0.49608195835632346
5.283528352835283,-0.582408476624346
5.284528452845285,-0.3794223878975075
5.285528552855285,-0.6208633957553591
5.286528652865287,-0.9482497915883696
5.2875287528752875,-0.43302984436395126
5.288528852885289,-0.8275641094618079
5.28952895289529,-0.5252699438472046
5.29052905290529,-0.39342069696196874
5.291529152915292,-0.617636998940504
5.292529252925292,-1.0090066385442311
5.293529352935294,-0.8942108481380007
5.294529452945294,-0.4468063749718272
5.295529552955296,-0.7459600244619399
5.2965296529652965,-0.6969944160768142
5.297529752975297,-0.5619113439757566
5.298529852985299,-0.5751722793957871
5.299529952995299,-0.659431086828155
5.300530053005301,-0.7576725467400705
5.301530153015301,-0.7792140637115746
5.302530253025303,-0.5458358440054603
5.3035303530353035,-0.6074307236956942
5.304530453045304,-0.7703274915051975
5.305530553055306,-0.5031617855210252
5.306530653065306,-0.7461017781430085
5.307530753075308,-0.891332102585683
5.308530853085308,-0.8734925813979342
5.30953095309531,-0.918139500110274
5.3105310531053105,-0.77756040110828
5.311531153115312,-0.477014837479077
5.312531253125313,-0.8854543121740348
5.313531353135313,-0.6874100514200636
5.314531453145315,-0.8571074029344293
5.315531553155315,-0.7784901327935086
5.316531653165317,-1.029089876543222
5.3175317531753175,-0.7718371671049709
5.318531853185319,-0.7671131208347494
5.31953195319532,-0.6209516753955525
5.32053205320532,-0.6849850561658001
5.321532153215322,-0.9699464535592466
5.322532253225322,-0.5140500447944534
5.323532353235324,-0.6894456863080354
5.324532453245324,-0.6924391880976413
5.325532553255326,-0.7345610168185862
5.3265326532653265,-0.8368778088941099
5.327532753275327,-0.6903628050512514
5.328532853285329,-0.6393977814207684
5.329532953295329,-1.0844821066094334
5.330533053305331,-0.8434380020050093
5.331533153315331,-0.7872535238617678
5.332533253325333,-0.6856037957761116
5.3335333533353335,-0.4987450578374723
5.334533453345334,-0.8923203823518022
5.335533553355336,-0.8381252310728137
5.336533653365336,-0.8415960717820195
5.337533753375338,-0.8999469653126615
5.338533853385338,-0.8096268179029884
5.33953395339534,-0.5865730848965842
5.3405340534053405,-0.9520406410973158
5.341534153415342,-0.6562467441448847
5.342534253425343,-1.0827222834630623
5.343534353435343,-0.8551378494805315
5.344534453445345,-0.8092927869323733
5.345534553455345,-0.40894399867687464
5.346534653465347,-0.7993937961562544
5.3475347534753475,-1.1851958935042193
5.348534853485349,-1.1452353717259791
5.34953495349535,-0.7391586590020504
5.35053505350535,-0.6237140520287421
5.351535153515352,-0.6718774263627151
5.352535253525352,-0.7139517461682349
5.353535353535354,-0.5155078791189867
5.354535453545354,-0.856369003178687
5.355535553555356,-0.5699566047755245
5.3565356535653565,-1.075826714039878
5.357535753575357,-0.9308954564876751
5.358535853585359,-1.1117935214089756
5.359535953595359,-0.8058309227146916
5.360536053605361,-0.7605880619348714
5.361536153615361,-0.7289868799113011
5.362536253625363,-0.7398993399794171
5.3635363536353635,-0.9382530497109921
5.364536453645364,-0.791254534791704
5.365536553655366,-1.0531573600425026
5.366536653665366,-0.48148163854404163
5.367536753675368,-0.8153098711182338
5.368536853685368,-0.8528169880093378
5.36953695369537,-0.4377047599305367
5.3705370537053705,-1.0043932166513017
5.371537153715372,-0.981510509198949
5.372537253725373,-0.9760844892465366
5.373537353735373,-0.7708602692923238
5.374537453745375,-0.671403535939458
5.375537553755375,-0.6102370068894155
5.376537653765377,-0.2442137149442919
5.3775377537753775,-1.208938456102684
5.378537853785379,-0.6377426127977022
5.37953795379538,-0.8713522587324344
5.38053805380538,-0.8776443055591414
5.381538153815382,-0.8847496207297509
5.382538253825382,-0.9429819060675222
5.383538353835384,-0.4247547091611401
5.384538453845384,-0.5936309120433372
5.385538553855386,-0.7578809501420263
5.3865386538653866,-0.4927459006720014
5.387538753875387,-1.0658829563251535
5.388538853885389,-1.0299455782807492
5.389538953895389,-1.199824833726027
5.390539053905391,-0.9045403469701777
5.391539153915391,-0.7327433714993344
5.392539253925393,-0.7449365552186442
5.3935393539353935,-0.7360647084404789
5.394539453945394,-1.0485689723821567
5.395539553955396,-0.6061509385879897
5.396539653965396,-0.7192804995514841
5.397539753975398,-0.6210191678229598
5.398539853985398,-1.1466064550171071
5.3995399539954,-0.7061798871775833
5.4005400540054005,-1.0064552599496652
5.401540154015402,-0.8487911985745544
5.402540254025403,-0.6628781569200971
5.403540354035403,-0.7519573258132936
5.404540454045405,-0.9409093445491411
5.405540554055405,-0.7697724791986927
5.406540654065407,-1.0777604647614831
5.4075407540754075,-0.541826812281581
5.408540854085409,-0.8133646525272602
5.40954095409541,-0.5490261532149858
5.41054105410541,-0.8784715779490619
5.411541154115412,-0.8783104103522394
5.412541254125412,-0.9268634843608297
5.413541354135414,-0.5992232657102566
5.414541454145414,-0.9167772874989917
5.415541554155416,-0.646406120698073
5.4165416541654166,-0.8522510530952985
5.417541754175417,-1.1713898830918617
5.418541854185419,-0.8906980371995681
5.419541954195419,-1.0128962856862742
5.420542054205421,-0.7707350034141636
5.421542154215421,-1.0160395541630487
5.422542254225423,-0.5932070665263006
5.4235423542354235,-0.7970630262108765
5.424542454245424,-0.8148145752984897
5.425542554255426,-0.648566292471193
5.426542654265426,-0.5874145649413138
5.427542754275428,-0.784668888280169
5.428542854285428,-0.935344404665444
5.42954295429543,-1.1363555615016923
5.4305430543054305,-0.9192310357517917
5.431543154315432,-0.9059251979375145
5.432543254325433,-0.7615352059302383
5.433543354335433,-0.8524423695943588
5.434543454345435,-0.6462951097668783
5.435543554355435,-0.9069495480602596
5.436543654365437,-0.7962348602572321
5.4375437543754375,-0.5485054791948907
5.438543854385439,-0.7174169380518137
5.43954395439544,-0.7982712382177933
5.44054405440544,-0.9071371670706937
5.441544154415442,-0.9138819700996357
5.442544254425442,-0.9578486799538245
5.443544354435444,-0.8964207306821139
5.444544454445444,-0.637582570268469
5.445544554455446,-0.8335928876203981
5.4465446544654466,-1.0596725197032741
5.447544754475447,-0.43658995880866813
5.448544854485449,-0.7267399916580062
5.449544954495449,-1.0726342848053223
5.450545054505451,-0.880131388520162
5.451545154515451,-0.7701038093576194
5.452545254525453,-0.4518856952452997
5.4535453545354535,-1.0149532390321008
5.454545454545454,-0.5986529025543991
5.455545554555456,-0.514497785429382
5.456545654565456,-0.920663741076956
5.457545754575458,-0.8509772570987789
5.458545854585458,-1.0032819389748953
5.45954595459546,-0.8372618353722107
5.4605460546054605,-0.804441139424942
5.461546154615462,-0.665750760029663
5.462546254625463,-0.5802058158466163
5.463546354635463,-0.94842766599555
5.464546454645465,-1.1928436585260964
5.465546554655465,-0.8042021003763661
5.466546654665467,-0.7418244999038643
5.4675467546754675,-0.7512317482395159
5.468546854685469,-0.8670376892825826
5.46954695469547,-0.7773449032532874
5.47054705470547,-0.4998032292468012
5.471547154715472,-0.7271468637519388
5.472547254725472,-0.8787735822799816
5.473547354735474,-0.9047504073908041
5.474547454745474,-0.8392970626404249
5.475547554755476,-0.47859919942724827
5.476547654765477,-0.8432328406833179
5.477547754775477,-0.8111620333272598
5.478547854785479,-0.9043013548994111
5.479547954795479,-0.5886825077563591
5.480548054805481,-0.41715738028388916
5.481548154815481,-0.719653037610762
5.482548254825483,-0.7938770977062101
5.4835483548354835,-0.8037364075243381
5.484548454845484,-1.2886209419676524
5.485548554855486,-0.6634013849808051
5.486548654865486,-0.7862756606535796
5.487548754875488,-0.7281233805228968
5.488548854885488,-0.9567725850453959
5.48954895489549,-0.8920654339340275
5.4905490549054905,-0.898078560828207
5.491549154915492,-0.612254142297905
5.492549254925493,-0.8930415685019872
5.493549354935493,-0.4014741411677929
5.494549454945495,-0.732556113954663
5.495549554955495,-1.0745933546654085
5.496549654965497,-0.8459001835049668
5.4975497549754975,-0.9512659728476356
5.498549854985499,-1.2605534309608522
5.4995499549955,-0.5025347457669059
5.5005500550055,-0.6825584730896206
5.501550155015502,-0.7173096589297756
5.502550255025502,-0.7916406664777046
5.503550355035504,-1.1019013647120142
5.504550455045504,-0.9230039486171596
5.505550555055506,-0.6587132931971699
5.506550655065507,-1.0381086792193264
5.507550755075507,-1.335020098752333
5.508550855085509,-0.8748953754187467
5.509550955095509,-0.858640037658148
5.510551055105511,-0.8039966492133184
5.511551155115511,-0.6862328996267119
5.512551255125513,-0.7052492889521886
5.5135513551355135,-0.781856877206325
5.514551455145514,-0.5953515473386508
5.515551555155516,-1.1391054032212489
5.516551655165516,-0.7352553767233516
5.517551755175518,-0.7117310645210111
5.518551855185518,-1.0858249310280796
5.51955195519552,-1.1393671047613525
5.5205520552055205,-0.9888687231449851
5.521552155215522,-0.9728827392981977
5.522552255225523,-0.6907915811509782
5.523552355235523,-0.9652911552279181
5.524552455245525,-1.014567959314527
5.525552555255525,-0.9665468231196785
5.526552655265527,-0.6214224219224855
5.5275527552755275,-0.8434760490669835
5.528552855285529,-0.8828778152535157
5.52955295529553,-0.8699786755124922
5.53055305530553,-0.5905225816103035
5.531553155315532,-0.9997332008363495
5.532553255325532,-0.5877685653866356
5.533553355335534,-0.8097495190065397
5.5345534553455344,-0.8849184231517178
5.535553555355536,-0.3536474529294603
5.536553655365537,-1.0659557185234725
5.537553755375537,-0.926572526753805
5.538553855385539,-1.103336486565937
5.539553955395539,-0.6673800409649429
5.540554055405541,-0.5210641993987116
5.541554155415541,-0.525954357333623
5.542554255425543,-0.616193488047593
5.5435543554355435,-0.901559075458408
5.544554455445544,-0.9361423587966288
5.545554555455546,-1.1983947568223072
5.546554655465546,-0.4580602108153659
5.547554755475548,-0.7725209125594713
5.548554855485548,-0.9657970320415332
5.54955495549555,-0.6028909258457975
5.5505550555055505,-1.0641594058463564
5.551555155515552,-0.7893938567759083
5.552555255525553,-0.9063634292980141
5.553555355535553,-0.7452291058123394
5.554555455545555,-0.886813779754986
5.555555555555555,-1.165426808716064
5.556555655565557,-0.8612757480611268
5.5575557555755575,-0.6677756323363473
5.558555855585559,-0.8845568379128484
5.55955595559556,-0.7248632976767717
5.56055605560556,-1.0901726643181786
5.561556155615562,-0.8875070610820602
5.562556255625562,-1.0083528282701655
5.563556355635564,-0.7352581125618776
5.5645564556455644,-0.8795672282945342
5.565556555655566,-0.7490697902052968
5.566556655665567,-0.6707691566549914
5.567556755675567,-0.751221981488838
5.568556855685569,-0.8361642084143626
5.569556955695569,-1.0916802951849356
5.570557055705571,-0.8938527679855872
5.571557155715571,-1.0011790868884634
5.572557255725573,-0.9646470202184436
5.5735573557355735,-0.9720220460659384
5.574557455745574,-1.0943890848335205
5.575557555755576,-1.29116821025404
5.576557655765576,-1.03463339428632
5.577557755775578,-0.8636409565145772
5.578557855785578,-1.1732720881769811
5.57955795579558,-0.9018278331167237
5.5805580558055805,-0.5262459645949289
5.581558155815582,-0.7030314731624877
5.582558255825583,-0.5802853802211208
5.583558355835583,-0.8321267643170153
5.584558455845585,-0.6782167887223873
5.585558555855585,-1.057885864500441
5.586558655865587,-1.0433428832638787
5.5875587558755875,-1.4636925231797009
5.588558855885589,-0.680032773531272
5.58955895589559,-0.6106021860922042
5.59055905590559,-1.0307152645841395
5.591559155915592,-0.9722907017864229
5.592559255925592,-1.0737010309411918
5.593559355935594,-0.8478338388550818
5.5945594559455945,-0.7008216642144574
5.595559555955596,-1.2758138646554666
5.596559655965597,-0.8468307215143076
5.597559755975597,-0.9855193889659973
5.598559855985599,-0.9089803998573789
5.599559955995599,-0.8413423450032846
5.600560056005601,-0.9722711098251724
5.601560156015601,-0.9568450646917668
5.602560256025603,-0.9804073796078758
5.6035603560356035,-0.745081322287054
5.604560456045604,-0.8569123353198146
5.605560556055606,-0.8980749157190833
5.606560656065606,-1.197916777071166
5.607560756075608,-1.0209846865672974
5.608560856085608,-0.7670846876122437
5.60956095609561,-0.9408364440687935
5.6105610561056105,-0.8180341409991649
5.611561156115612,-0.5982101676140918
5.612561256125613,-0.7453708018467514
5.613561356135613,-0.936047209488896
5.614561456145615,-1.0584709232033767
5.615561556155615,-1.4685845481483457
5.616561656165617,-0.993160457064015
5.6175617561756175,-1.026302094825994
5.618561856185619,-0.8846497343194686
5.61956195619562,-0.995134624934781
5.62056205620562,-1.0300684003179017
5.621562156215622,-1.3235161590980922
5.622562256225622,-1.1572820715767929
5.623562356235624,-0.8756175504127399
5.6245624562456245,-0.6294325765242337
5.625562556255626,-0.9937925856903171
5.626562656265627,-0.9104057324754329
5.627562756275627,-0.7871597555398779
5.628562856285629,-1.1415285842214091
5.629562956295629,-0.9076883368935723
5.630563056305631,-1.1308574215013618
5.631563156315631,-0.8115096403224203
5.632563256325633,-0.9559158856946963
5.6335633563356335,-0.9282349050010634
5.634563456345634,-1.1461805302033277
5.635563556355636,-0.8499966166856892
5.636563656365636,-0.5762094811669644
5.637563756375638,-1.1964900435685484
5.638563856385638,-1.064621770091286
5.63956395639564,-0.9521173249594981
5.6405640564056405,-0.8429329773209134
5.641564156415642,-1.1139053863448347
5.642564256425643,-1.5703905668689568
5.643564356435643,-0.7337414192981397
5.644564456445645,-0.8552792923973161
5.645564556455645,-1.3577775680494713
5.646564656465647,-1.1325156713709517
5.6475647564756475,-0.699185540976943
5.648564856485649,-0.725089076653177
5.64956495649565,-0.8287528650692724
5.65056505650565,-1.0535419970723698
5.651565156515652,-1.0035667536409623
5.652565256525652,-1.0482001664494862
5.653565356535654,-0.7982238115579796
5.6545654565456545,-1.2009029603545487
5.655565556555656,-1.1887630216444391
5.656565656565657,-0.8274226378168982
5.657565756575657,-1.04023011526943
5.658565856585659,-0.7575503775157388
5.659565956595659,-1.1694380203178336
5.660566056605661,-1.047988637031547
5.661566156615661,-1.2234185529858916
5.662566256625663,-1.0393719645167934
5.6635663566356635,-1.3384679348739512
5.664566456645664,-1.1422047278227372
5.665566556655666,-1.3338537092978233
5.666566656665666,-0.9097485253588442
5.667566756675668,-0.9071508286616833
5.668566856685668,-1.398462001633565
5.66956695669567,-0.7875782444911168
5.6705670567056705,-0.5568234297702763
5.671567156715672,-1.049061306309889
5.672567256725673,-1.1884465746329385
5.673567356735673,-0.4973236962931843
5.674567456745675,-1.3279545011432665
5.675567556755675,-1.0621153317529681
5.676567656765677,-1.032192771937356
5.6775677567756775,-0.8010730219094317
5.678567856785679,-1.0001447286871166
5.67956795679568,-1.1738138782096064
5.68056805680568,-1.2663230850221856
5.681568156815682,-1.1464541618444712
5.682568256825682,-1.281483269678571
5.683568356835684,-1.0725450834397807
5.6845684568456845,-1.1969660203442534
5.685568556855686,-1.3849552034180195
5.686568656865687,-0.8371435067211848
5.687568756875687,-1.189736283296175
5.688568856885689,-1.3458622832246108
5.689568956895689,-1.1279238564778074
5.690569056905691,-1.0826387212981998
5.691569156915691,-1.4476512154140988
5.692569256925693,-1.0340769364174804
5.6935693569356935,-1.3118902792165255
5.694569456945694,-0.762308927235368
5.695569556955696,-1.0017820695970818
5.696569656965696,-1.188617143221567
5.697569756975698,-1.259737093126233
5.698569856985698,-1.1337668250676411
5.6995699569957,-0.9922881598417737
5.7005700570057005,-1.1220213676046367
5.701570157015702,-1.162433674719205
5.702570257025703,-1.109410292295236
5.703570357035703,-1.2439415672650258
5.704570457045705,-1.1938993175105863
5.705570557055705,-1.5445078183343326
5.706570657065707,-0.934698056353755
5.7075707570757075,-1.0717804178171388
5.708570857085709,-1.288330438816227
5.70957095709571,-0.7559941195826427
5.71057105710571,-1.1204421398450177
5.711571157115712,-1.3471808686911542
5.712571257125712,-0.9707137103256056
5.713571357135714,-1.064562836814948
5.7145714571457145,-1.0673699364909819
5.715571557155716,-1.2335525983448103
5.716571657165717,-1.0604198888077006
5.717571757175717,-1.2049901816333235
5.718571857185719,-1.043571578309396
5.719571957195719,-1.5378718802559088
5.720572057205721,-1.2457824989716886
5.721572157215721,-0.8167032197868389
5.722572257225723,-1.3166756990016752
5.7235723572357236,-1.2861592907537498
5.724572457245724,-1.2571146958124022
5.725572557255726,-1.412615744091953
5.726572657265726,-1.6134439708879424
5.727572757275728,-1.2200395216478355
5.728572857285728,-1.1488858282653847
5.72957295729573,-1.1886951596631958
5.7305730573057305,-1.2093071694874427
5.731573157315732,-1.173861388512338
5.732573257325733,-0.9800400842162951
5.733573357335733,-1.2248370572808769
5.734573457345735,-1.303704317922331
5.735573557355735,-1.2472533375058474
5.736573657365737,-1.0772996966455057
5.7375737573757375,-0.9129047650973514
5.738573857385739,-1.3230801787521838
5.73957395739574,-1.1798060749622847
5.74057405740574,-1.1340627698776151
5.741574157415742,-1.4023912227435564
5.742574257425742,-1.2019334007972549
5.743574357435744,-1.5012925804199009
5.7445744574457445,-1.5641085181329442
5.745574557455746,-1.1390894095104207
5.746574657465747,-1.2913533695774373
5.747574757475747,-1.1762614774806763
5.748574857485749,-1.2224350102325352
5.749574957495749,-1.416273708895587
5.750575057505751,-1.2321813824842616
5.751575157515751,-1.4718866544312144
5.752575257525753,-0.9492067511101527
5.7535753575357536,-1.500728988176644
5.754575457545754,-1.2708244461052354
5.755575557555756,-1.4422528671793584
5.756575657565756,-1.1218440659890976
5.757575757575758,-1.3043428276702194
5.758575857585758,-1.3439165597317675
5.75957595759576,-1.0716678865670612
5.7605760576057605,-1.2385452818832792
5.761576157615762,-1.14322384780439
5.762576257625763,-1.4449373002279309
5.763576357635763,-1.531752823604867
5.764576457645765,-1.231463016848144
5.765576557655765,-1.318786813695856
5.766576657665767,-1.1318412064995995
5.7675767576757675,-1.2752180009091652
5.768576857685769,-1.2203268886446077
5.76957695769577,-1.5881214908593821
5.77057705770577,-0.8878579129335571
5.771577157715772,-1.300491206604126
5.772577257725772,-1.1302200219915481
5.773577357735774,-1.4390473590682327
5.7745774577457745,-1.2123155606550542
5.775577557755776,-1.5365718214208066
5.776577657765777,-1.1876713444905873
5.777577757775777,-1.3513583923589385
5.778577857785779,-1.2764006618914299
5.779577957795779,-1.1447155714980983
5.780578057805781,-1.5328863859048614
5.781578157815781,-1.4253408507091752
5.782578257825783,-1.199037967442615
5.783578357835784,-0.8729148891950401
5.784578457845784,-1.322227955945544
5.785578557855786,-1.1784324177696799
5.786578657865786,-1.3200978379469668
5.787578757875788,-0.91229398065569
5.788578857885788,-1.652222544262643
5.78957895789579,-1.2858845713430127
5.7905790579057905,-1.6319435169532854
5.791579157915792,-1.8101702171841039
5.792579257925793,-1.2513798503841365
5.793579357935793,-1.28498412694012
5.794579457945795,-1.371857468164429
5.795579557955795,-1.338130164330674
5.796579657965797,-0.6992274983786999
5.7975797579757975,-1.3725131266681558
5.798579857985799,-1.2208385174515932
5.7995799579958,-1.4547161227488468
5.8005800580058,-1.2677707930876856
5.801580158015802,-1.3764324741339937
5.802580258025802,-1.4128520500216528
5.803580358035804,-0.968925346243966
5.8045804580458045,-1.099218745606847
5.805580558055806,-1.3092509821418443
5.806580658065807,-1.7993810614496348
5.807580758075807,-1.412672572235425
5.808580858085809,-0.8017908601224057
5.809580958095809,-1.3904478452445268
5.810581058105811,-1.1255845313094885
5.811581158115811,-1.0597453954201659
5.812581258125813,-1.306240120418621
5.813581358135814,-1.520289356843464
5.814581458145814,-1.8408726242348912
5.815581558155816,-1.218855545541324
5.816581658165816,-1.520510220662021
5.817581758175818,-1.3241924675066277
5.818581858185818,-1.611242770079936
5.81958195819582,-1.4161748626035082
5.8205820582058205,-1.3582246055696687
5.821582158215822,-1.3130830737479418
5.822582258225823,-1.5915918139291598
5.823582358235823,-1.131062888091607
5.824582458245825,-1.4916337529120458
5.825582558255825,-1.7089503248377367
5.826582658265827,-1.3976545741787754
5.8275827582758275,-1.3707600085550167
5.828582858285829,-1.3472939887978241
5.82958295829583,-1.1087537269167835
5.83058305830583,-1.4302297367191412
5.831583158315832,-1.4086149879068695
5.832583258325832,-1.6070702674348754
5.833583358335834,-1.2240561559204137
5.8345834583458345,-1.353029548921827
5.835583558355836,-1.475612355260066
5.836583658365837,-1.7742480424015097
5.837583758375837,-1.1061277075964595
5.838583858385839,-1.6422338346724656
5.839583958395839,-1.5166316945258502
5.840584058405841,-1.3283759005706817
5.841584158415841,-1.641015461622156
5.842584258425843,-1.7020551715111731
5.843584358435844,-1.8297822432401183
5.844584458445844,-1.2624229220289849
5.845584558455846,-1.5172791268981491
5.846584658465846,-0.8243973087695028
5.847584758475848,-1.6103215783848444
5.848584858485848,-1.5973297015206374
5.84958495849585,-1.5276966211369478
5.8505850585058505,-1.3675591302467491
5.851585158515852,-1.5117841726548853
5.852585258525853,-1.296823820832126
5.853585358535853,-1.616543921367517
5.854585458545855,-1.6986696939061257
5.855585558555855,-1.7835084383674953
5.856585658565857,-1.8700834043191454
5.8575857585758575,-1.5304743016194473
5.858585858585859,-1.4885372409481294
5.85958595859586,-1.5560979257066383
5.86058605860586,-1.1825872709940835
5.861586158615862,-1.1871087749451614
5.862586258625862,-1.5011101849895332
5.863586358635864,-1.7943568732131339
5.8645864586458645,-1.5503249362035194
5.865586558655866,-1.558347567107252
5.866586658665867,-1.5711976732655415
5.867586758675867,-1.5806897821477328
5.868586858685869,-1.5732017387414392
5.869586958695869,-1.5211683885584757
5.870587058705871,-1.5723068486527645
5.8715871587158714,-1.4048602588729295
5.872587258725873,-1.3757646280924143
5.873587358735874,-1.6312683894260755
5.874587458745874,-1.1962146089284713
5.875587558755876,-1.6477156497597165
5.876587658765876,-1.776525952553853
5.877587758775878,-1.3780598933939427
5.878587858785878,-1.6189337625705646
5.87958795879588,-1.3924173327019216
5.8805880588058805,-1.9386196147219616
5.881588158815882,-1.180591664016312
5.882588258825883,-1.325807732705061
5.883588358835883,-1.7615318047129374
5.884588458845885,-1.7583484335174864
5.885588558855885,-1.1292826901915098
5.886588658865887,-1.6123409778275308
5.8875887588758875,-1.6328172726743695
5.888588858885889,-1.9202921234435815
5.88958895889589,-1.5383247598875576
5.89058905890589,-1.514786385320421
5.891589158915892,-1.3272030333704448
5.892589258925892,-1.7511622932620765
5.893589358935894,-1.7764346036452792
5.8945894589458945,-1.383200957027431
5.895589558955896,-1.273049228684477
5.896589658965897,-1.7896129116201789
5.897589758975897,-1.2600521818952335
5.898589858985899,-1.4698044680993398
5.899589958995899,-1.2598948059204402
5.900590059005901,-1.4932281045163862
5.9015901590159014,-1.984552816800283
5.902590259025903,-1.511388875377726
5.903590359035904,-1.2698496876641876
5.904590459045904,-1.6614955173660526
5.905590559055906,-1.561191902392467
5.906590659065906,-1.5196628609907517
5.907590759075908,-2.065160768686348
5.908590859085908,-1.151794815436081
5.90959095909591,-1.667130234774981
5.9105910591059105,-1.3864831365862968
5.911591159115912,-1.5057298566356843
5.912591259125913,-1.2376094330041407
5.913591359135913,-1.408649770192556
5.914591459145915,-1.5375576623907163
5.915591559155915,-1.6699716309695882
5.916591659165917,-1.332378195998781
5.9175917591759175,-1.86730016926405
5.918591859185919,-1.3640811744652734
5.91959195919592,-1.7136992666959057
5.92059205920592,-1.2440482801537496
5.921592159215922,-1.4628433694615817
5.922592259225922,-1.366860290673914
5.923592359235924,-1.4798524805640207
5.9245924592459245,-1.847274226838298
5.925592559255926,-1.6694765034576167
5.926592659265927,-1.3633678983374156
5.927592759275927,-1.4650128637449265
5.928592859285929,-1.2626274084941782
5.929592959295929,-1.4186348755182328
5.930593059305931,-1.6930775368685356
5.9315931593159315,-1.6593802652595513
5.932593259325933,-1.4799970838931404
5.933593359335934,-1.9637852822454258
5.934593459345934,-1.1666667197680938
5.935593559355936,-1.4133670368662994
5.936593659365936,-1.2566533505565083
5.937593759375938,-1.818507482276414
5.938593859385938,-1.2537825648426248
5.93959395939594,-1.0566871370670514
5.9405940594059405,-1.7674362737614158
5.941594159415942,-1.3492362302566216
5.942594259425943,-1.5035328326655772
5.943594359435943,-1.8128620127047135
5.944594459445945,-1.405601003094578
5.945594559455945,-1.3376417883394824
5.946594659465947,-1.624754394195213
5.9475947594759475,-1.2714944021672054
5.948594859485949,-1.838160924637805
5.94959495949595,-1.8038718710551633
5.95059505950595,-1.477695370094246
5.951595159515952,-1.5000137581862734
5.952595259525952,-1.648463181942464
5.953595359535954,-1.3432689228634818
5.9545954595459545,-1.3990298783853636
5.955595559555956,-1.3335834142652832
5.956595659565957,-1.529822510119538
5.957595759575957,-1.3846446233858392
5.958595859585959,-1.5942376034616952
5.959595959595959,-1.0942720359080464
5.960596059605961,-1.6674544781189933
5.9615961596159615,-1.0837766620291225
5.962596259625963,-1.4977306111996853
5.963596359635964,-1.7796636159714532
5.964596459645964,-1.2307799466782505
5.965596559655966,-1.4790310162929732
5.966596659665966,-1.3337830078368869
5.967596759675968,-1.2590141922280342
5.968596859685968,-1.4359527876246587
5.96959695969597,-1.6217315239135597
5.9705970597059705,-1.3078610304600224
5.971597159715972,-1.5025538113379278
5.972597259725973,-1.36521537366466
5.973597359735973,-1.9327958570415578
5.974597459745975,-1.412296947423578
5.975597559755975,-1.629034712039712
5.976597659765977,-1.1702605480946364
5.9775977597759775,-1.3758905721948071
5.978597859785979,-1.4521026626548714
5.97959795979598,-1.4023589538052155
5.98059805980598,-1.6988364017919748
5.981598159815982,-1.1740046781418085
5.982598259825982,-1.0998701927913077
5.983598359835984,-1.4190302794066394
5.9845984598459845,-1.178981387988346
5.985598559855986,-1.6103212478157052
5.986598659865987,-1.6553241856592513
5.987598759875987,-1.4871067174396737
5.988598859885989,-1.4076739579261905
5.989598959895989,-1.5728102778346382
5.990599059905991,-1.3857903317252227
5.9915991599159915,-1.4313773292064884
5.992599259925993,-1.6916080402236189
5.993599359935994,-1.3874597217858462
5.994599459945994,-1.3177644750276252
5.995599559955996,-1.4554081947287274
5.996599659965996,-1.258384487820289
5.997599759975998,-1.731587012700056
5.998599859985998,-1.3936883909371038
5.999599959996,-1.7204868951159964
6.0006000600060005,-1.7083793430871532
6.001600160016002,-1.610861577689573
6.002600260026003,-1.672179792570937
6.003600360036003,-1.5924392541957788
6.004600460046005,-1.5247224618748374
6.005600560056005,-1.313493772214113
6.006600660066007,-1.5441686939557109
6.0076007600760075,-1.796054178568716
6.008600860086009,-1.2498875412191535
6.00960096009601,-1.6442711216437558
6.01060106010601,-1.4875290653997235
6.011601160116012,-1.3853894546221626
6.012601260126012,-1.4336663304156738
6.013601360136014,-1.2536240365775253
6.0146014601460145,-1.375510715899317
6.015601560156016,-1.6424045189013545
6.016601660166017,-1.0332412805812117
6.017601760176017,-1.428877984077696
6.018601860186019,-1.4959835280685116
6.019601960196019,-1.2724810452212467
6.020602060206021,-1.414106426052364
6.0216021602160215,-1.3828612983763795
6.022602260226023,-0.9629602940661799
6.023602360236024,-1.5150913709072826
6.024602460246024,-1.5222690905054999
6.025602560256026,-1.4340308718260828
6.026602660266026,-1.2416528876026958
6.027602760276028,-1.755852221872795
6.028602860286028,-1.8462257793125532
6.02960296029603,-1.5690866886120292
6.0306030603060305,-1.7769771130612597
6.031603160316032,-1.5336675365906438
6.032603260326033,-1.3466899393367844
6.033603360336033,-1.6238081357403606
6.034603460346035,-1.7294720439761004
6.035603560356035,-1.4286675519057719
6.036603660366037,-1.2684344426947145
6.0376037603760375,-1.7783258929155312
6.038603860386039,-1.273652712641927
6.03960396039604,-1.2725858721993608
6.04060406040604,-1.2435579595550792
6.041604160416042,-1.1889867640756893
6.042604260426042,-0.9905678236212694
6.043604360436044,-1.5004568094217798
6.0446044604460445,-1.4055718804578232
6.045604560456046,-1.5090017023052296
6.046604660466047,-1.4235265058569027
6.047604760476047,-1.1155351211541953
6.048604860486049,-1.6892806840000587
6.049604960496049,-1.5906358139641112
6.050605060506051,-1.1411179026446643
6.0516051605160515,-1.2106551385774782
6.052605260526053,-1.485377281218821
6.053605360536054,-1.2399392484885219
6.054605460546054,-1.3406253858927535
6.055605560556056,-1.106842771738902
6.056605660566056,-1.3900051728258438
6.057605760576058,-1.1977703519938567
6.058605860586058,-0.8724643879789286
6.05960596059606,-1.2791972743013278
6.0606060606060606,-1.3868821758870684
6.061606160616062,-1.250169513601211
6.062606260626063,-1.4656066118963227
6.063606360636063,-0.9128288877019165
6.064606460646065,-1.3522607004738483
6.065606560656065,-1.4406945744156012
6.066606660666067,-1.551059270161738
6.0676067606760675,-1.1622715801134396
6.068606860686069,-1.2060529104767237
6.06960696069607,-1.47671670288406
6.07060706070607,-1.2596916924873656
6.071607160716072,-1.6744100225954535
6.072607260726072,-1.3334023538662352
6.073607360736074,-1.277523649613876
6.0746074607460745,-1.0242682599955095
6.075607560756076,-1.5175381753455106
6.076607660766077,-1.6166660655255463
6.077607760776077,-1.5376832308200132
6.078607860786079,-1.6234944540763288
6.079607960796079,-1.0864134577231257
6.080608060806081,-1.0415623495596538
6.0816081608160815,-1.28477332120569
6.082608260826083,-1.1020652705119496
6.083608360836084,-1.3170214474564492
6.084608460846084,-1.3603056053187412
6.085608560856086,-1.4053422880544315
6.086608660866086,-1.3982458359822443
6.087608760876088,-1.6431422569296683
6.088608860886088,-1.2781267856655105
6.08960896089609,-1.3364218489251436
6.0906090609060906,-1.1766418381135102
6.091609160916092,-1.3043498397700466
6.092609260926093,-1.3529175288666215
6.093609360936093,-1.491919391452419
6.094609460946095,-1.3005359371750844
6.095609560956095,-1.164586795191673
6.096609660966097,-1.5381516103979136
6.0976097609760975,-1.2892206033115279
6.098609860986099,-1.2573203344220762
6.0996099609961,-1.444737539461317
6.1006100610061,-1.415873648314323
6.101610161016102,-1.2493402287543889
6.102610261026102,-1.5192888806520237
6.103610361036104,-1.2197445412062558
6.1046104610461045,-1.465907157225954
6.105610561056106,-1.0713549960301425
6.106610661066107,-0.8134321552646011
6.107610761076107,-1.450203616335711
6.108610861086109,-1.1682478822305415
6.109610961096109,-1.4174577472809904
6.110611061106111,-1.0609212225853875
6.1116111611161115,-1.5191492769140402
6.112611261126113,-1.1669486958615638
6.113611361136114,-1.4346152767731974
6.114611461146114,-1.2983488898727766
6.115611561156116,-1.4600746386704062
6.116611661166116,-1.0863002948069327
6.117611761176118,-1.4150505305079886
6.118611861186118,-1.1341290159100028
6.11961196119612,-1.3101922920403424
6.120612061206121,-1.2611014634442428
6.121612161216122,-1.205473668710428
6.122612261226123,-1.384191279053796
6.123612361236123,-1.1865381256765086
6.124612461246125,-0.9193136246997262
6.125612561256125,-1.3777523465225547
6.126612661266127,-0.9845081528436868
6.1276127612761275,-0.9159714657365831
6.128612861286129,-1.3755268990807494
6.12961296129613,-1.4999959088247692
6.13061306130613,-1.1452661524498222
6.131613161316132,-1.3117975209840036
6.132613261326132,-0.8252374776009505
6.133613361336134,-1.1886232218421622
6.1346134613461345,-1.352635806671338
6.135613561356136,-1.418223692766114
6.136613661366137,-0.9673914190388491
6.137613761376137,-1.2961746658270816
6.138613861386139,-1.169722496844268
6.139613961396139,-0.9838631053693341
6.140614061406141,-1.2683958213597841
6.1416141614161415,-1.177235599864023
6.142614261426143,-1.1678544740518408
6.143614361436144,-1.024352211483757
6.144614461446144,-1.0393300216398387
6.145614561456146,-1.197948953354477
6.146614661466146,-1.1376293473450025
6.147614761476148,-1.2211336400592538
6.148614861486148,-1.4387048148228376
6.14961496149615,-1.0880525678335506
6.150615061506151,-0.7575107964339441
6.151615161516152,-1.3090554832667523
6.152615261526153,-1.2832662952458007
6.153615361536153,-1.2991408925447756
6.154615461546155,-0.9763983496751529
6.155615561556155,-1.0279274603062436
6.156615661566157,-1.1456265106720842
6.1576157615761575,-1.2938038782557262
6.158615861586159,-1.0879925719925478
6.15961596159616,-1.4156470893669026
6.16061606160616,-1.0702790523990373
6.161616161616162,-0.9208882583884204
6.162616261626162,-1.3416489009703667
6.163616361636164,-1.3941159360473687
6.1646164616461645,-0.7679152797352622
6.165616561656166,-1.2023328356306844
6.166616661666167,-0.8489569629160871
6.167616761676167,-1.1030993672410394
6.168616861686169,-1.100831880951161
6.169616961696169,-0.9768873463703789
6.170617061706171,-1.237486616285133
6.1716171617161715,-1.0302924700054963
6.172617261726173,-1.129183036209521
6.173617361736174,-1.3130654034270512
6.174617461746175,-0.977540274970563
6.175617561756176,-1.0937567473500385
6.176617661766176,-1.0685472763401858
6.177617761776178,-1.2752103608632939
6.1786178617861784,-0.710922805744532
6.17961796179618,-0.8498737039554025
6.180618061806181,-0.8283880908764811
6.181618161816182,-1.0783001094320688
6.182618261826183,-1.3590289335275791
6.183618361836183,-0.6185794624376795
6.184618461846185,-1.0173425321214136
6.185618561856185,-1.1508327017062143
6.186618661866187,-0.9136518725727018
6.1876187618761875,-0.7595173208709773
6.188618861886189,-0.9934708402339977
6.18961896189619,-0.7290550194783674
6.19061906190619,-0.7640695773262824
6.191619161916192,-1.19183561724198
6.192619261926192,-1.1071976336882463
6.193619361936194,-0.7768029464878523
6.1946194619461945,-1.5066943084467275
6.195619561956196,-0.9899151173988943
6.196619661966197,-1.2420332857213627
6.197619761976197,-1.0470118732889584
6.198619861986199,-1.0072903172278098
6.199619961996199,-1.0149915984836362
6.200620062006201,-1.0496027525151068
6.2016201620162015,-1.1543784859675494
6.202620262026203,-0.4723583508283958
6.203620362036204,-0.5530307655429718
6.204620462046205,-1.1547107268584633
6.205620562056206,-0.6016405638231692
6.206620662066206,-0.9937154392706576
6.207620762076208,-0.883735470758478
6.2086208620862084,-0.9179707005158686
6.20962096209621,-1.0330010208288265
6.210621062106211,-0.7000087712509183
6.211621162116212,-0.867322567377038
6.212621262126213,-0.9835236009020956
6.213621362136213,-1.144837580490507
6.214621462146215,-1.058338126449519
6.215621562156215,-1.2035877594326216
6.216621662166217,-0.868552944321313
6.2176217621762175,-1.1060101200148105
6.218621862186219,-0.9154620065688418
6.21962196219622,-0.583996116207475
6.22062206220622,-0.6138169612768487
6.221622162216222,-0.8557865756918736
6.222622262226222,-0.8623965214964494
6.223622362236224,-0.46464723076537434
6.2246224622462245,-0.7321077928301173
6.225622562256226,-0.8974516241663534
6.226622662266227,-1.1127198373836842
6.227622762276227,-0.7443621462879338
6.228622862286229,-0.6528874335375526
6.229622962296229,-0.9406928415019754
6.230623062306231,-0.7517274130240865
6.2316231623162315,-0.8782832581403244
6.232623262326233,-0.8379710507469745
6.233623362336234,-1.2943204200448124
6.234623462346235,-0.8366993222419697
6.235623562356236,-0.5940519390202872
6.236623662366236,-0.9097849235750488
6.237623762376238,-0.7685737368742842
6.2386238623862385,-0.9258398653601267
6.23962396239624,-0.6981283482780334
6.240624062406241,-0.8090846593341965
6.241624162416242,-0.9491881719924402
6.242624262426243,-0.4903860532468233
6.243624362436243,-0.5666631972354994
6.244624462446245,-0.8689811076537263
6.245624562456245,-0.6439892813774406
6.246624662466247,-0.631608896430847
6.2476247624762475,-0.6061727011081625
6.248624862486249,-1.0690232080078554
6.24962496249625,-0.524387363240704
6.25062506250625,-0.8351828011178747
6.251625162516252,-0.7883407594055697
6.252625262526252,-0.18472894634038972
6.253625362536254,-0.6474588375393374
6.2546254625462545,-0.7806244515342425
6.255625562556256,-1.139943632804815
6.256625662566257,-0.41645522561603054
6.257625762576257,-0.9589719064692463
6.258625862586259,-0.8861384321749488
6.259625962596259,-0.7472406833417883
6.260626062606261,-0.3932064638274884
6.2616261626162615,-0.5173585838751328
6.262626262626263,-0.6990911365030127
6.263626362636264,-0.6013817033881992
6.264626462646265,-0.7786332985682676
6.265626562656266,-0.6261411623678493
6.266626662666266,-0.6349201221961212
6.267626762676268,-0.4513490277034279
6.2686268626862685,-0.44718301714269837
6.26962696269627,-0.5373390334157513
6.270627062706271,-0.7041202574024538
6.271627162716272,-0.4788030252719748
6.272627262726273,-0.6410785523088819
6.273627362736273,-0.8345858788568874
6.274627462746275,-0.694379615156018
6.275627562756275,-0.5923367517901537
6.276627662766277,-0.4227202582095591
6.2776277627762775,-0.6369916249036103
6.278627862786279,-0.8376497518934964
6.27962796279628,-0.579987270305071
6.28062806280628,-0.5641717089058615
6.281628162816282,-0.5452245481928508
6.282628262826282,-0.3939489093875438
6.283628362836284,-0.3696718191297703
6.2846284628462845,-0.6878341465379034
6.285628562856286,-0.6877585532690654
6.286628662866287,-0.7681100124250714
6.287628762876287,-0.41585019797088973
6.288628862886289,-0.2613951595547751
6.289628962896289,-0.6097243375230127
6.290629062906291,-0.5905458911816904
6.2916291629162915,-0.24445828270813763
6.292629262926293,-0.43226156275191047
6.293629362936294,-0.4416877890126779
6.294629462946295,-0.762683618741627
6.295629562956296,-0.3843238158903505
6.296629662966296,-0.7014696682010755
6.297629762976298,-0.7380233992140673
6.2986298629862985,-0.5761547641928626
6.2996299629963,-0.6195443384180496
6.300630063006301,-0.5422954686392829
6.301630163016302,-0.7817661167867165
6.302630263026303,-0.29740544559955473
6.303630363036303,-0.2592351545600631
6.304630463046305,-0.8698495369428485
6.305630563056305,-0.28030316408571243
6.306630663066307,-0.6337193209569099
6.3076307630763075,-0.2958426760939268
6.308630863086309,-0.4765567211345745
6.30963096309631,-0.4527475312254482
6.31063106310631,-0.49116310923507406
6.311631163116312,-0.2073645190386694
6.312631263126312,-0.6933607193186788
6.313631363136314,-0.3195339133636157
6.3146314631463145,-0.2165010505742802
6.315631563156316,-0.28917053860203445
6.316631663166317,0.03682325791817781
6.317631763176317,-0.5295904769534238
6.318631863186319,-0.22803151850417241
6.319631963196319,-0.43640885755915676
6.320632063206321,-0.1642147810121303
6.3216321632163215,-0.40814620877647284
6.322632263226323,-0.4799032559043018
6.323632363236324,-0.13684075395263195
6.324632463246325,-0.4921022115147331
6.325632563256326,-0.6720772664997516
6.326632663266326,-0.4886515723609549
6.327632763276328,-0.2572336051180975
6.3286328632863285,-0.09839848796308293
6.32963296329633,-0.3503545793545576
6.330633063306331,-0.10472355625903307
6.331633163316332,-0.6357888950330493
6.332633263326333,-0.44860609675957963
6.333633363336333,-0.4134765982999048
6.334633463346335,-0.3744904351347298
6.335633563356335,-0.3305855758332884
6.336633663366337,-0.20505721997915408
6.3376337633763375,-0.42804491593651867
6.338633863386339,-0.3071312510416282
6.33963396339634,-0.33982443399632684
6.34063406340634,-0.5118502553277284
6.341634163416342,-0.3452877055115686
6.342634263426342,-0.3471781644121301
6.343634363436344,-0.3473641824759043
6.3446344634463445,-0.3039080318649551
6.345634563456346,-0.2910472334257195
6.346634663466347,-0.3885732820307243
6.347634763476347,-0.043514011631738736
6.348634863486349,-0.5279063249260686
6.349634963496349,-0.43416811038829023
6.350635063506351,0.2700439774707555
6.3516351635163515,-0.4895325658535902
6.352635263526353,-0.5486817854179538
6.353635363536354,-0.12704318417093366
6.354635463546355,-0.6853814322277274
6.355635563556356,-0.3130425354979014
6.356635663566356,0.1671354580450945
6.357635763576358,-0.5670700835923896
6.3586358635863585,-0.6505408840900289
6.35963596359636,-0.5500611471389818
6.360636063606361,-0.06664186090972582
6.361636163616362,-0.017459362003765466
6.362636263626363,-0.3410455755291327
6.363636363636363,-0.09801073884923175
6.364636463646365,0.047260034733041356
6.365636563656365,0.1305279196295028
6.366636663666367,-0.2723713866482873
6.3676367636763676,-0.6795743886061245
6.368636863686369,-0.37964440408206357
6.36963696369637,-0.2970310048720682
6.37063706370637,-0.2596725546510681
6.371637163716372,-0.2416844990769376
6.372637263726372,0.023425172646913822
6.373637363736374,0.05827739586892616
6.3746374637463745,-0.22721108669126025
6.375637563756376,0.03053892001761263
6.376637663766377,-0.11392122243510137
6.377637763776377,-0.16886159096143738
6.378637863786379,0.003222799505225471
6.379637963796379,-0.15997293214813202
6.380638063806381,0.240787413887349
6.3816381638163815,-0.4548228103177144
6.382638263826383,-0.26655489319333603
6.383638363836384,-0.18521911493340204
6.384638463846385,-0.06843400959057867
6.385638563856386,0.10084364395252188
6.386638663866386,-0.15406686947196174
6.387638763876388,-0.43008668782342063
6.3886388638863885,0.026393418118868944
6.38963896389639,0.012398686004674975
6.390639063906391,-0.5234637088353059
6.391639163916392,-0.13236701742516488
6.392639263926393,-0.4461641742914957
6.393639363936393,-0.25761114801129226
6.394639463946395,-0.30180343572524704
6.395639563956395,0.04403486803897155
6.396639663966397,-0.09104425490447755
6.3976397639763976,-0.3681366016755274
6.398639863986399,0.06837068942123059
6.3996399639964,-0.3910438550645168
6.4006400640064,-0.034916299751803465
6.401640164016402,-0.2604138341158042
6.402640264026402,-0.1674361277913442
6.403640364036404,0.00984796552420733
6.4046404640464045,0.01656166862687157
6.405640564056406,0.18292693021351533
6.406640664066407,-0.09767303523465859
6.407640764076407,-0.016704361646959626
6.408640864086409,-0.1623311558067791
6.409640964096409,-0.03519187940547281
6.410641064106411,0.019484092822163332
6.4116411641164115,-0.08491553144610242
6.412641264126413,-0.4228613757060977
6.413641364136414,0.007307824912794067
6.414641464146415,0.017033420999004983
6.415641564156416,-0.188823619972151
6.416641664166416,-0.3065939970541079
6.417641764176418,0.2485138760901951
6.4186418641864185,0.05466400150670016
6.41964196419642,-0.08642231879125138
6.420642064206421,-0.2650116485495121
6.421642164216422,-0.19898502572040025
6.422642264226423,0.2288609216611567
6.423642364236423,-0.0011780567801099977
6.424642464246425,-0.13589941457284366
6.425642564256425,0.07906594122148736
6.426642664266427,-0.18285987196922787
6.427642764276428,0.2830615392392186
6.428642864286429,0.2563076283731144
6.42964296429643,-0.10473135995527788
6.43064306430643,-0.13433339270669528
6.431643164316432,-0.5294275855488824
6.432643264326432,-0.2993375812872108
6.433643364336434,-0.26815481480693537
6.4346434643464345,0.029518751576397557
6.435643564356436,-0.06004360985476802
6.436643664366437,-0.26116068518155067
6.437643764376437,-0.04564235142851569
6.438643864386439,0.11432262546424818
6.439643964396439,0.12146843024209245
6.440644064406441,-0.3614075740520388
6.4416441644164415,-0.004519801757923422
6.442644264426443,-0.2529484249146269
6.443644364436444,0.2066326642779084
6.444644464446445,0.1856636957742829
6.445644564456446,-0.148243316020575
6.446644664466446,-0.11933902885296377
6.447644764476448,-0.0558954131385592
6.4486448644864485,-0.41173265563444417
6.44964496449645,0.10846766419173719
6.450645064506451,-0.010866954146081902
6.451645164516452,0.2401447570292133
6.452645264526453,-0.17118451679331703
6.453645364536453,-0.07295993379502946
6.454645464546455,-0.2480933812724887
6.455645564556455,-0.14531979903394074
6.456645664566457,-0.1785518691710501
6.457645764576458,0.2593250002129661
6.458645864586459,-0.07725690712838942
6.45964596459646,0.0894752080603281
6.46064606460646,-0.009288643543529387
6.461646164616462,-0.18482574412743052
6.462646264626462,0.03758975090321651
6.463646364636464,0.19323223266418071
6.4646464646464645,-0.16599942670642928
6.465646564656466,0.23949500147331554
6.466646664666467,-0.09017269137898298
6.467646764676467,-0.01474723179779347
6.468646864686469,0.1900432030726681
6.469646964696469,-0.046744708924090383
6.470647064706471,0.09547231267325998
6.4716471647164715,0.027012823615595663
6.472647264726473,0.11779702640908533
6.473647364736474,-0.3822732155612411
6.474647464746475,-0.27013187378452563
6.475647564756476,0.22090643668490437
6.476647664766476,0.30703648540419276
6.477647764776478,-0.08063138416644525
6.4786478647864785,0.05450458353594642
6.47964796479648,0.1640769096572814
6.480648064806481,0.24557785551758507
6.481648164816482,-0.29682140789509676
6.482648264826483,-0.0667358916003705
6.483648364836483,0.04569275906150394
6.484648464846485,0.25455148419099993
6.485648564856485,0.6153026510930669
6.486648664866487,0.071686786722398
6.487648764876488,-0.16245794540996106
6.488648864886489,0.20101898445222297
6.48964896489649,0.3863705267038881
6.49064906490649,0.14535834209133672
6.491649164916492,-0.05601192036048644
6.492649264926492,0.31845694260281177
6.493649364936494,0.2610857125184014
6.4946494649464945,-0.07534310179060191
6.495649564956496,0.20763268817472835
6.496649664966497,0.33225317170999197
6.497649764976497,0.37060853342338296
6.498649864986499,0.1223491479692674
6.499649964996499,0.06540940229584823
6.500650065006501,0.383844314656585
6.5016501650165015,-0.10230040077935926
6.502650265026503,0.2287675799383656
6.503650365036504,-0.131655727093903
6.504650465046505,0.35670056730381366
6.505650565056506,0.09326974604563873
6.506650665066506,0.3998268392860611
6.507650765076508,0.24560187875368433
6.5086508650865085,-0.09613780436669389
6.50965096509651,0.43459646839653654
6.510651065106511,0.4610624099450453
6.511651165116512,0.32839083320719786
6.512651265126513,0.0007138728996121391
6.513651365136513,0.09290429012455981
6.514651465146515,0.18424587494995687
6.5156515651565154,0.015449409808584502
6.516651665166517,0.49566956329238526
6.517651765176518,0.1870519972098211
6.518651865186519,-0.3815187626952421
6.51965196519652,0.22796383862796732
6.52065206520652,0.09138070807995792
6.521652165216522,0.14692406696490173
6.522652265226522,0.0890603733520293
6.523652365236524,0.32504607475778646
6.5246524652465245,0.3884045685464022
6.525652565256526,0.2218855438576418
6.526652665266527,0.09819825125147491
6.527652765276527,0.15855630605831453
6.528652865286529,0.17148461294162592
6.529652965296529,0.007797312552756258
6.530653065306531,0.2847653742931566
6.5316531653165315,0.2616621322481555
6.532653265326533,0.47839364369279586
6.533653365336534,0.422004792770273
6.534653465346535,0.0344070150613317
6.535653565356536,0.33618656524525636
6.536653665366536,-0.01750115478140335
6.537653765376538,0.3124163239083053
6.5386538653865385,0.07042520772330672
6.53965396539654,-0.03040667926377244
6.540654065406541,0.23072673919933717
6.541654165416542,-0.3597442484558596
6.542654265426543,-0.17459661514883923
6.543654365436543,0.14050727717261643
6.544654465446545,0.19287900950293493
6.5456545654565454,0.1028897696794279
6.546654665466547,-0.13879298516034483
6.547654765476548,0.013834559230836874
6.548654865486549,0.2559513680654909
6.54965496549655,0.2943403740814815
6.55065506550655,0.17499187745901024
6.551655165516552,0.40983372400957635
6.552655265526552,0.2581548480459518
6.553655365536554,0.029370820576650913
6.5546554655465545,0.12292610570325362
6.555655565556556,-0.10140406768973215
6.556655665566557,0.15766212153821496
6.557655765576557,0.40180893477523705
6.558655865586559,0.31652388238927764
6.559655965596559,0.4599229768993002
6.560656065606561,0.11897753032413233
6.5616561656165615,0.4487862565985602
6.562656265626563,0.14089545319822502
6.563656365636564,0.4738416297032505
6.564656465646565,0.17509992483086353
6.565656565656566,0.32084258994633585
6.566656665666566,0.47432224274396473
6.567656765676568,0.14049614757137424
6.5686568656865685,0.222719858572687
6.56965696569657,0.4366536546942286
6.570657065706571,0.15209780348998325
6.571657165716572,-0.08568395757052827
6.572657265726573,0.6068706073065231
6.573657365736573,0.08406967533011034
6.574657465746575,0.20950586485769093
6.5756575657565755,0.40866683078148114
6.576657665766577,0.05545635596439856
6.577657765776578,-0.024749965902343407
6.578657865786579,0.2272184397159133
6.57965796579658,-0.18251800788057154
6.58065806580658,0.11812132028304109
6.581658165816582,0.22429455073447274
6.582658265826582,0.12085978537969698
6.583658365836584,-0.13429756521217723
6.5846584658465845,0.4927498330486048
6.585658565856586,0.19412269932359666
6.586658665866587,0.45912557653808134
6.587658765876587,0.12034729525029011
6.588658865886589,-0.004209100042594116
6.589658965896589,0.22504764165874358
6.590659065906591,0.12745165628355754
6.5916591659165915,-0.06556607042263218
6.592659265926593,0.46329978202666866
6.593659365936594,0.04422521875692448
6.594659465946595,-0.2000580013568702
6.595659565956596,0.4329242338053487
6.596659665966596,0.06570695906862964
6.597659765976598,0.04425717210395169
6.5986598659865985,-0.18802027112172845
6.5996599659966,0.5124608053114105
6.600660066006601,-0.09442832219862451
6.601660166016602,0.17433306437301996
6.602660266026603,0.34432275235725257
6.603660366036603,0.24527780228182794
6.604660466046605,0.1481195516072258
6.6056605660566055,-0.18118642586884184
6.606660666066607,-0.003721492471889659
6.607660766076608,0.19484073262653176
6.608660866086609,-0.001116432186833216
6.60966096609661,0.1960085827472135
6.61066106610661,0.29068433995248955
6.611661166116612,0.3458159283265386
6.612661266126612,-0.09296003418807466
6.613661366136614,0.5905463961674515
6.6146614661466145,0.3036353324864904
6.615661566156616,0.14869991152597747
6.616661666166617,0.3658344081650421
6.617661766176617,0.6198741368200074
6.618661866186619,-0.1421047337206952
6.619661966196619,0.09941474752535355
6.620662066206621,-0.3324097080555246
6.6216621662166215,0.18059771024194496
6.622662266226623,0.21391853795458982
6.623662366236624,0.13176113319621602
6.624662466246625,0.007422365076233589
6.625662566256626,-0.27285656865647323
6.626662666266626,0.2104521355378769
6.627662766276628,0.4255132461497124
6.6286628662866285,0.014885572844796358
6.62966296629663,0.2197462070169517
6.630663066306631,-0.18326756257095245
6.631663166316632,0.22041319311383695
6.632663266326633,0.048885682725793675
6.633663366336633,-0.026347523443729093
6.634663466346635,-0.02738029320973359
6.6356635663566355,0.04450901297205159
6.636663666366637,0.19823949546314662
6.637663766376638,-0.1421756131810282
6.638663866386639,0.03932093102234285
6.63966396639664,0.10891947188160271
6.64066406640664,-0.10414124252619547
6.641664166416642,0.47343544781091046
6.642664266426642,-0.05817776724574436
6.643664366436644,-0.0229639299267623
6.6446644664466445,-0.08635272329454965
6.645664566456646,0.4673736754397325
6.646664666466647,0.21661096071941516
6.647664766476647,-0.08295267491008357
6.648664866486649,0.3239314930370967
6.649664966496649,0.14112810839718734
6.650665066506651,0.15072606566502517
6.6516651665166515,0.028650866022075464
6.652665266526653,-0.05408195755289555
6.653665366536654,0.1615934892687442
6.654665466546655,-0.016753957047905874
6.655665566556656,0.4538221170533836
6.656665666566656,-0.1651953517150319
6.657665766576658,0.39407057191242134
6.6586658665866585,0.06273635969266796
6.65966596659666,0.1429628472418755
6.660666066606661,0.24790757887216344
6.661666166616662,-0.0466586585018309
6.662666266626663,0.2503409984245803
6.663666366636663,-0.46593228592034586
6.664666466646665,-0.07035111802115934
6.6656665666566655,-0.11311023201600826
6.666666666666667,-0.18095799681651228
6.667666766676668,0.024778548084480892
6.668666866686669,0.14293135211645047
6.66966696669667,0.20431083303369993
6.67066706670667,0.10993739146922563
6.671667166716672,-0.07340761421844708
6.672667266726672,0.1314893377083333
6.673667366736674,0.08048419418170363
6.6746674667466745,0.24076542899790493
6.675667566756676,0.2068549131805641
6.676667666766677,0.05546257180279242
6.677667766776677,-0.13219715389366304
6.678667866786679,-0.0854638805642745
6.679667966796679,-0.06697236968150162
6.680668066806681,-0.022221660692144332
6.6816681668166815,0.09227465185475596
6.682668266826683,0.1795193655826655
6.683668366836684,0.024067736091981706
6.684668466846685,0.03531059063859221
6.685668566856686,0.05852832931467031
6.686668666866686,-0.07554517614087991
6.687668766876688,-0.15968625758551613
6.6886688668866885,-0.32795148205828595
6.68966896689669,-0.11816216769074848
6.690669066906691,0.11321621155066654
6.691669166916692,-0.12428783156482044
6.692669266926693,-0.03357159007569567
6.693669366936693,0.10495957084580033
6.694669466946695,0.11348295187133131
6.6956695669566955,-0.20890142636100623
6.696669666966697,0.2040655684077169
6.697669766976698,0.22776083918981085
6.698669866986699,-0.226053344873707
6.6996699669967,-0.16723615087470872
6.7006700670067,0.23335285786613377
6.701670167016702,-0.03664347238338413
6.702670267026702,-0.45364672352211555
6.703670367036704,-0.2920565661157623
6.7046704670467046,-0.06443397502244505
6.705670567056706,-0.2496189067284555
6.706670667066707,-0.10215588727643504
6.707670767076707,-0.015462964363891274
6.708670867086709,0.2680274348454175
6.709670967096709,-0.0850056401739931
6.710671067106711,0.1850921529506242
6.7116711671167115,0.2538246096055597
6.712671267126713,0.25241354291820567
6.713671367136714,0.01997192097024829
6.714671467146715,-0.4321769587119496
6.715671567156716,0.05009630194643109
6.716671667166716,0.16505246821795316
6.717671767176718,-0.06340895033204219
6.7186718671867185,0.29914415790309334
6.71967196719672,0.11960805725809334
6.720672067206721,0.05870114450779797
6.721672167216722,0.15971901373658537
6.722672267226723,0.006504637912508923
6.723672367236723,-0.5613521266993662
6.724672467246725,-0.16524688647153848
6.7256725672567255,0.17137718096347143
6.726672667266727,-0.23222016368994594
6.727672767276728,-0.11804989455590004
6.728672867286729,-0.2849840644195175
6.72967296729673,0.2780985154759018
6.73067306730673,0.2549356088253305
6.731673167316732,-0.2608211011969958
6.732673267326732,-0.05727960514744307
6.733673367336734,-0.22553722439526858
6.7346734673467346,0.030844093879775047
6.735673567356736,0.0070782701686546295
6.736673667366737,0.06476228271623169
6.737673767376737,-0.03392248597567149
6.738673867386739,0.4840409817423663
6.739673967396739,-0.3113657191032235
6.740674067406741,-0.4506488484648622
6.7416741674167415,-0.1898998163960196
6.742674267426743,-0.42763929747174145
6.743674367436744,-0.41530011805314876
6.744674467446745,-0.3198426482782851
6.745674567456746,-0.3067954676613144
6.746674667466746,-0.3160650738601122
6.747674767476748,-0.024287110003613305
6.7486748674867485,-0.2319637205931663
6.74967496749675,-0.16942927519806072
6.750675067506751,0.042514417386699754
6.751675167516752,-0.29240762706095225
6.752675267526753,-0.19486837558248282
6.753675367536753,-0.07162824334082878
6.754675467546755,-0.5359196982137449
6.7556755675567555,-0.6274178720552693
6.756675667566757,-0.08404855316553769
6.757675767576758,-0.05770890980719108
6.758675867586759,0.2538881338507643
6.75967596759676,-0.13018530723945398
6.76067606760676,-0.0007088722659718549
6.761676167616762,-0.2066079037015794
6.762676267626762,-0.11092839788433738
6.763676367636764,0.16021326895023105
6.764676467646765,-0.6009045922838429
6.765676567656766,-0.09625426059688987
6.766676667666767,0.2452649140669693
6.767676767676767,-0.12832382658369923
6.768676867686769,0.1425024827802493
6.769676967696769,-0.3163390625745799
6.770677067706771,-0.19979362014253818
6.7716771677167715,-0.18956951787334636
6.772677267726773,-0.6426857423151391
6.773677367736774,-0.4356987739022477
6.774677467746775,-0.4243364027394866
6.775677567756776,-0.04344872937826158
6.776677667766776,-0.03633414462146728
6.777677767776778,-0.14886244381674513
6.7786778677867785,-0.05175614870782516
6.77967796779678,-0.2523155188853988
6.780678067806781,0.01798999321341163
6.781678167816782,-0.22355103629837839
6.782678267826783,-0.21664986307231923
6.783678367836783,-0.2842565945166857
6.784678467846785,-0.09716469933851143
6.7856785678567855,-0.3212125011617836
6.786678667866787,-0.044605505781902116
6.787678767876788,-0.46924163775837013
6.788678867886789,-0.4655159587385399
6.78967896789679,-0.11116900967741894
6.79067906790679,-0.26928549638946203
6.791679167916792,-0.345277754647347
6.792679267926792,-0.07941115354269043
6.793679367936794,-0.3817985078517544
6.794679467946795,-0.30331018316545216
6.795679567956796,0.013651882060736475
6.796679667966797,0.03871103087039257
6.797679767976797,0.04243863220656857
6.798679867986799,-0.3313894647543171
6.799679967996799,-0.03174664282592188
6.800680068006801,-0.47060020596708624
6.8016801680168015,-0.4651120215173763
6.802680268026803,-0.7567437004989901
6.803680368036804,0.045000861847040885
6.804680468046805,-0.465288050227837
6.805680568056806,-0.32071683998030576
6.806680668066806,-0.4803922664476905
6.807680768076808,-0.16221014177690044
6.8086808680868085,-0.3792843255209663
6.80968096809681,-0.5680338714279878
6.810681068106811,-0.22164926824944306
6.811681168116812,-0.5996373516083762
6.812681268126813,-0.48328022540224347
6.813681368136813,-0.7400826956993138
6.814681468146815,-0.6064002372945761
6.8156815681568155,-0.2888043638412302
6.816681668166817,-0.7203167206928268
6.817681768176818,-0.6265355974560052
6.818681868186819,-0.3336746915191017
6.81968196819682,-0.44481415202001023
6.82068206820682,0.059425388365033194
6.821682168216822,0.024911009740916867
6.822682268226822,-0.5183362406891276
6.823682368236824,-0.23620465493247006
6.824682468246825,-0.20065297361221981
6.825682568256826,-0.472879333314179
6.826682668266827,-0.6553626108705045
6.827682768276827,-0.3615812955815039
6.828682868286829,-0.39655449862355996
6.829682968296829,-0.45199837265343257
6.830683068306831,-0.2792384571145038
6.8316831683168315,-0.5207002541280505
6.832683268326833,-0.6038023856900264
6.833683368336834,-0.35443076437413856
6.834683468346835,-0.30189365876059787
6.835683568356836,-0.617252719569721
6.836683668366836,-0.19913729530775984
6.837683768376838,-0.7416788638895494
6.8386838683868385,-0.5060279783284725
6.83968396839684,-0.4448249752126013
6.840684068406841,-0.5232812231495684
6.841684168416842,-0.5118569197671698
6.842684268426843,-0.02743330577361197
6.843684368436843,-0.5746233313304513
6.844684468446845,0.08100468378293424
6.8456845684568455,-0.32260219007514
6.846684668466847,-0.3943990446412971
6.847684768476848,-0.3203390713676876
6.848684868486849,0.08762689047841321
6.84968496849685,-0.6198431288394741
6.85068506850685,-0.647968236292355
6.851685168516852,-0.5776121769090835
6.8526852685268524,-0.42295865925078585
6.853685368536854,-0.7772838363946102
6.854685468546855,-0.4303979643382742
6.855685568556856,-0.09888637097859698
6.856685668566857,-0.4100379968625649
6.857685768576857,-0.5015738436261914
6.858685868586859,-0.5693796260562731
6.859685968596859,-0.26874939615020066
6.860686068606861,-0.6163158177933817
6.8616861686168615,-0.08456084003474318
6.862686268626863,-0.06985198061444559
6.863686368636864,-0.4078507319864731
6.864686468646865,-0.46417383751740837
6.865686568656866,-0.2584016646231725
6.866686668666866,-0.24822952245091404
6.867686768676868,-0.6310358685662865
6.8686868686868685,-0.5777894643622036
6.86968696869687,-0.7395813695787323
6.870687068706871,-0.39592478353185817
6.871687168716872,-0.34703044135752203
6.872687268726873,-0.7529516659341127
6.873687368736873,-0.5766090287979672
6.874687468746875,-0.7576148462122823
6.8756875687568755,-0.6705108617573825
6.876687668766877,-0.3831262641278212
6.877687768776878,-0.6425967232663109
6.878687868786879,-0.5586279105728429
6.87968796879688,-0.8264791690016215
6.88068806880688,-0.46616449960483314
6.881688168816882,-0.5149544577827905
6.8826882688268824,-0.654420350801572
6.883688368836884,-0.548951443178792
6.884688468846885,-0.47760098796621553
6.885688568856886,-0.6791361941261852
6.886688668866887,-0.8139088161178605
6.887688768876887,-0.16002622986231635
6.888688868886889,-0.6502714565191388
6.889688968896889,-0.5454356500491244
6.890689068906891,-0.32637323604014945
6.8916891689168915,0.17482153531786015
6.892689268926893,-0.7823258031512385
6.893689368936894,-0.44589270012274523
6.894689468946895,-0.6797887758200876
6.895689568956896,-0.6484470298414386
6.896689668966896,-0.6871324262311123
6.897689768976898,-0.770612400896331
6.8986898689868985,-0.5561213270656065
6.8996899689969,-0.8451354320216713
6.900690069006901,-0.3632353448128755
6.901690169016902,-0.5439482896871536
6.902690269026903,-0.4728038886517899
6.903690369036903,-0.6528605324147235
6.904690469046905,-0.6353853776253221
6.9056905690569055,-0.5067433785957455
6.906690669066907,-0.7993675777879552
6.907690769076908,-0.6404464880611032
6.908690869086909,-0.7430516480048759
6.90969096909691,-0.751512782186689
6.91069106910691,-0.9976262110574515
6.911691169116912,-0.3100421937892735
6.9126912691269125,-0.7174535554532764
6.913691369136914,-0.3496981704391804
6.914691469146915,-0.37083171711691876
6.915691569156916,-0.8439960862964069
6.916691669166917,-0.8066734604357961
6.917691769176917,-0.07907473612663374
6.918691869186919,-0.24316324301706943
6.919691969196919,-0.6018141691447102
6.920692069206921,-0.5461867555534564
6.9216921692169215,-0.7259703873222431
6.922692269226923,-0.5154590582325953
6.923692369236924,-0.7474831855577176
6.924692469246925,-1.0126234188233203
6.925692569256926,-0.8725582868893177
6.926692669266926,-0.6061115942322827
6.927692769276928,-0.8386151038859502
6.9286928692869285,-0.6279171103534498
6.92969296929693,-0.8314421829395414
6.930693069306931,-0.7750174644886588
6.931693169316932,-0.449938621713065
6.932693269326933,-0.5730888260306389
6.933693369336933,-0.6265192740887748
6.934693469346935,-0.45078320399980143
6.9356935693569355,-0.5324319967367231
6.936693669366937,-0.34120683610606617
6.937693769376938,-0.7244451427514413
6.938693869386939,-0.7203420544037061
6.93969396939694,-0.89656660903263
6.94069406940694,-0.7240584817739865
6.941694169416942,-0.44721378499077014
6.9426942694269425,-0.38206351615085776
6.943694369436944,-0.45188094380893096
6.944694469446945,-1.004649057178734
6.945694569456946,-0.43103802762641985
6.946694669466947,-1.017214821857141
6.947694769476947,-0.4717192617647827
6.948694869486949,-0.7267188259016985
6.949694969496949,-0.5144619793622138
6.950695069506951,-0.9232525244871669
6.9516951695169515,-0.4243109966422174
6.952695269526953,-0.9533085611980383
6.953695369536954,-0.7957610691471924
6.954695469546955,-0.8634328401087774
6.955695569556956,-1.016402032335979
6.956695669566956,-0.6483579828542523
6.957695769576958,-0.30775136322201035
6.9586958695869585,-0.13728105768052445
6.95969596959696,-0.6529110548288238
6.960696069606961,-0.45067323257775116
6.961696169616962,-0.6292449717804168
6.962696269626963,-0.5775287804922358
6.963696369636963,-0.747363750620609
6.964696469646965,-0.6415342903838003
6.9656965696569655,-0.5746566176883356
6.966696669666967,-0.7994339902287024
6.967696769676968,-0.7008175683029927
6.968696869686969,-0.6985683500370045
6.96969696969697,-0.52315221143213
6.97069706970697,-0.9031767660280788
6.971697169716972,-0.7018031164584454
6.9726972697269725,-0.3106047889677872
6.973697369736974,-0.4616919047769987
6.974697469746975,-0.42615300266450434
6.975697569756976,-0.6925741270348731
6.976697669766977,-0.6347194519797021
6.977697769776977,-0.4999169702688262
6.978697869786979,-0.3897450887593214
6.979697969796979,-1.0935355040686385
6.980698069806981,-0.9677086297949795
6.9816981698169815,-0.4441237000484857
6.982698269826983,-0.7627692341508558
6.983698369836984,-0.8431010406018379
6.984698469846985,-0.9609412640360118
6.985698569856986,-0.8224512427014513
6.986698669866986,-0.9932472351242762
6.987698769876988,-0.2958666293391091
6.9886988698869885,-0.719871418920506
6.98969896989699,-0.728259651186715
6.990699069906991,-0.6003261429438406
6.991699169916992,-0.5267309719467352
6.992699269926993,-0.5312674875198962
6.993699369936993,-0.5069524214989766
6.994699469946995,-0.8490641841992261
6.9956995699569955,-0.783673265676329
6.996699669966997,-0.5714849663757745
6.997699769976998,-0.8319470606375238
6.998699869986999,-0.7286550802350422
6.999699969997,-0.6490320584246208
7.000700070007,-0.5728854022487021
7.001700170017002,-1.0865827671432826
7.0027002700270025,-0.5892081485170406
7.003700370037004,-0.779999341740438
7.004700470047005,-0.5928467881763062
7.005700570057006,-0.5800223418857215
7.006700670067007,-0.4148825699626108
7.007700770077007,-0.46681830897609405
7.008700870087009,-0.46922472010497746
7.009700970097009,-0.4508215647274704
7.010701070107011,-0.6822829739965642
7.0117011701170116,-0.7351114677379841
7.012701270127013,-0.5679613604645148
7.013701370137014,-0.5970714631803579
7.014701470147015,-0.8062503688946685
7.015701570157016,-0.6644085075371227
7.016701670167016,-0.7533151586932144
7.017701770177018,-0.9179917406197041
7.0187018701870185,-0.4900089317182961
7.01970197019702,-0.7379437905993892
7.020702070207021,-0.3401111959441744
7.021702170217022,-1.075807171037439
7.022702270227023,-0.8629070147288258
7.023702370237023,-0.7458527227921075
7.024702470247025,-0.5257202011827248
7.0257025702570255,-0.6741051918156108
7.026702670267027,-0.692693891256702
7.027702770277028,-0.9810173222065697
7.028702870287029,-0.9877157269423977
7.02970297029703,-0.6925761784220131
7.03070307030703,-1.030634769025833
7.031703170317032,-0.8649123951459284
7.0327032703270325,-0.6590634880126813
7.033703370337034,-0.9564087704400939
7.034703470347035,-0.43955655920052467
7.035703570357036,-0.5165112127877551
7.036703670367037,-1.0762401268994979
7.037703770377037,-0.9490749590751015
7.038703870387039,-1.22038770274559
7.039703970397039,-0.9203690531679438
7.040704070407041,-0.6111786193720262
7.0417041704170416,-0.8478278688063758
7.042704270427043,-0.6734690539553158
7.043704370437044,-1.0706620709525696
7.044704470447045,-0.6071539695171059
7.045704570457046,-0.8783118145030497
7.046704670467046,-0.7653841437140811
7.047704770477048,-0.7869082824879475
7.0487048704870485,-1.0231456078185968
7.04970497049705,-0.9999425400059767
7.050705070507051,-0.5762438282429168
7.051705170517052,-0.6904686476602556
7.052705270527053,-0.5607089676425024
7.053705370537053,-0.7062261968429174
7.054705470547055,-0.7429861882666826
7.0557055705570555,-1.1172003462115718
7.056705670567057,-0.8264729382842382
7.057705770577058,-0.778265342477166
7.058705870587059,-0.3825434555877348
7.05970597059706,-0.6361375579820221
7.06070607060706,-0.4666682450239306
7.061706170617062,-0.654712181002208
7.0627062706270625,-0.9168072888371788
7.063706370637064,-0.7514364390838257
7.064706470647065,-0.7279189472244695
7.065706570657066,-0.963284978132712
7.066706670667067,-0.8526093595180106
7.067706770677067,-0.8171511745952498
7.068706870687069,-0.4551276125017417
7.069706970697069,-1.192641439129504
7.070707070707071,-0.5355593977421744
7.0717071707170716,-0.9642999109506178
7.072707270727073,-1.051562559689727
7.073707370737074,-0.5413522731927922
7.074707470747075,-0.6311432240061446
7.075707570757076,-0.5267894412305171
7.076707670767076,-0.6177113852757705
7.077707770777078,-0.36602966126974623
7.0787078707870785,-0.6663891198480106
7.07970797079708,-0.809552972401701
7.080708070807081,-0.7097842620032625
7.081708170817082,-0.5297762289622493
7.082708270827083,-0.9344341607339068
7.083708370837083,-0.9090144246247605
7.084708470847085,-0.8404949428435708
7.0857085708570855,-1.1996743993138748
7.086708670867087,-0.7511857742840388
7.087708770877088,-1.1560595793457267
7.088708870887089,-0.7682431746187014
7.08970897089709,-0.6058071510357592
7.09070907090709,-0.8742393766652832
7.091709170917092,-0.44342886125572156
7.0927092709270925,-1.070929186137906
7.093709370937094,-0.5405429132664313
7.094709470947095,-0.6437228066480706
7.095709570957096,-1.12190121399087
7.096709670967097,-0.23646928248737253
7.097709770977097,-0.7913000628719252
7.098709870987099,-0.953960013561096
7.099709970997099,-1.0597822461321895
7.100710071007101,-0.8222594606680571
7.101710171017102,-0.8036177831404541
7.102710271027103,-0.7574774181145125
7.103710371037104,-0.8374254883428278
7.104710471047105,-0.6510706033582544
7.105710571057106,-0.8550807725030625
7.106710671067106,-1.1643765600141487
7.107710771077108,-0.8070748143971433
7.1087108710871085,-1.250506731242094
7.10971097109711,-0.7060557251725664
7.110711071107111,-0.9724585729447037
7.111711171117112,-0.7437052158496709
7.112711271127113,-0.5133311949119452
7.113711371137113,-0.9656550395005977
7.114711471147115,-0.5634034235981491
7.1157115711571155,-0.8620722902587615
7.116711671167117,-0.4244855064032301
7.117711771177118,-0.8478755294896009
7.118711871187119,-0.9426546563430098
7.11971197119712,-0.6368099964820068
7.12071207120712,-0.8611078976485853
7.121712171217122,-0.9419228208135834
7.1227122712271225,-0.8688746190891841
7.123712371237124,-0.7818925149716681
7.124712471247125,-0.5041906347575251
7.125712571257126,-1.1590906200387259
7.126712671267127,-0.7672943714711302
7.127712771277127,-0.6465583042409772
7.128712871287129,-0.7324689812148838
7.129712971297129,-0.508796554341983
7.130713071307131,-0.7852408313170535
7.131713171317132,-0.8068755825074723
7.132713271327133,-0.6510843316834375
7.133713371337134,-0.7492639104564047
7.134713471347135,-0.8467764061288554
7.135713571357136,-0.6650254558504743
7.136713671367136,-0.898311215856596
7.137713771377138,-0.8895840373687033
7.1387138713871385,-0.872482285800649
7.13971397139714,-0.4957964173182672
7.140714071407141,-1.4101322508250265
7.141714171417142,-0.6863199745313006
7.142714271427143,-0.7580882415388305
7.143714371437143,-1.1006117298673042
7.144714471447145,-0.7019795565290626
7.1457145714571455,-0.6682540992109347
7.146714671467147,-0.644948617833957
7.147714771477148,-1.2927064952024305
7.148714871487149,-0.48851994154823053
7.14971497149715,-0.9087947001181029
7.15071507150715,-0.6233760103438457
7.151715171517152,-0.6119097408495057
7.1527152715271525,-0.9348916599135538
7.153715371537154,-0.6268808785722928
7.154715471547155,-0.8354850960623601
7.155715571557156,-1.1720684874981266
7.156715671567157,-0.5236443677070401
7.157715771577157,-0.9115946167322746
7.158715871587159,-0.9268704310103488
7.1597159715971594,-0.8359643424795937
7.160716071607161,-0.7002766435216028
7.161716171617162,-0.7655443531675956
7.162716271627163,-0.6438367047368942
7.163716371637164,-1.0207013916333385
7.164716471647165,-0.900627904904905
7.165716571657166,-0.7746909156319205
7.166716671667166,-0.371248745001763
7.167716771677168,-0.7729173198973939
7.1687168716871685,-0.5324329489111894
7.16971697169717,-0.7410830126254238
7.170717071707171,-0.8448365486056842
7.171717171717172,-0.7967546854816864
7.172717271727173,-0.7803930023334018
7.173717371737173,-0.6252735261671326
7.174717471747175,-0.4703684643796214
7.1757175717571755,-0.6726370974404171
7.176717671767177,-0.5064348607995479
7.177717771777178,-0.9360801295645315
7.178717871787179,-0.8253148007335922
7.17971797179718,-0.8865105297903796
7.18071807180718,-0.678017311480884
7.181718171817182,-0.8119490718848503
7.1827182718271825,-0.593449006947919
7.183718371837184,-0.9248452463910541
7.184718471847185,-0.7292752052656021
7.185718571857186,-0.5997415757551271
7.186718671867187,-1.1494008092136065
7.187718771877187,-0.3112365033114767
7.188718871887189,-0.7914111427951106
7.1897189718971894,-1.1390023162479075
7.190719071907191,-0.7015847643573305
7.191719171917192,-0.7257197801466959
7.192719271927193,-0.7479880746981515
7.193719371937194,-0.5325675728976932
7.194719471947195,-0.5805093458510407
7.195719571957196,-0.6696116708451586
7.196719671967196,-0.6383404517444893
7.197719771977198,-0.7484241147858375
7.1987198719871985,-0.37163135460029906
7.1997199719972,-1.0217421571512775
7.200720072007201,-0.6971424534307648
7.201720172017202,-0.7112341788558816
7.202720272027203,-0.5607458989651495
7.203720372037203,-0.8913322652234461
7.204720472047205,-1.0704522304327109
7.2057205720572055,-0.6895061137445662
7.206720672067207,-0.6637744884266112
7.207720772077208,-0.4212475138352488
7.208720872087209,-0.9723836287945014
7.20972097209721,-0.48651338088739726
7.21072107210721,-0.24310734290918445
7.211721172117212,-0.7912785173068282
7.2127212721272125,-0.9730466261444297
7.213721372137214,-0.7953830919975465
7.214721472147215,-0.7103147313587252
7.215721572157216,-0.5994832010911273
7.216721672167217,-0.8296423938977392
7.217721772177217,-0.39944410885296494
7.218721872187219,-0.9325084175909345
7.2197219721972195,-1.0565589702240406
7.220722072207221,-0.48648976145840755
7.221722172217222,-1.1618679553324678
7.222722272227223,-0.7468796766980903
7.223722372237224,-0.08162561665999368
7.224722472247225,-0.7066768929824443
7.225722572257226,-0.9275263471662516
7.226722672267226,-0.713955313472822
7.227722772277228,-0.7117374253468828
7.2287228722872285,-0.6685472437045091
7.22972297229723,-0.5673231906196023
7.230723072307231,-0.9066952408548985
7.231723172317232,-0.36045935469161805
7.232723272327233,-0.6480408792650153
7.233723372337233,-0.5507985823541877
7.234723472347235,-0.8208798852586473
7.2357235723572355,-0.4370652226704702
7.236723672367237,-0.7448428804177246
7.237723772377238,-0.6370118209187325
7.238723872387239,-0.8782327127618569
7.23972397239724,-0.8900863172346669
7.24072407240724,-0.5521468182003617
7.241724172417242,-0.777596597761725
7.2427242724272425,-0.8587267377261248
7.243724372437244,-0.8156852847875173
7.244724472447245,-0.5463441770123341
7.245724572457246,-0.8110282883366569
7.246724672467247,-0.7078374476528048
7.247724772477247,-0.6803865475137487
7.248724872487249,-1.0659474722923394
7.2497249724972495,-0.9757886050101019
7.250725072507251,-0.6133934760662585
7.251725172517252,-0.8271408268305817
7.252725272527253,-0.4674761130560178
7.253725372537254,-0.4845461242768576
7.254725472547255,-0.5331606395955646
7.255725572557256,-0.31212728963356356
7.256725672567256,-0.6917873016676441
7.257725772577258,-0.5444814227931571
7.2587258725872585,-0.7902270257492489
7.25972597259726,-0.1819625884094921
7.260726072607261,-0.2748003663648337
7.261726172617262,-0.668242388070064
7.262726272627263,-0.5923935260188034
7.263726372637263,-0.39694453442028527
7.264726472647265,-0.6973262888859603
7.2657265726572655,-0.7983186528215824
7.266726672667267,-0.4912925217784169
7.267726772677268,-0.6495005038269092
7.268726872687269,-0.6276886567813236
7.26972697269727,-0.8302423861380543
7.27072707270727,-1.0060245593864865
7.271727172717272,-0.6143651652101165
7.2727272727272725,-0.47970632522536616
7.273727372737274,-0.7049668017992069
7.274727472747275,-0.3716279615772005
7.275727572757276,-0.7988073017104402
7.276727672767277,-0.8680769186412634
7.277727772777277,-0.669695961896553
7.278727872787279,-0.6718842316848793
7.2797279727972795,-0.5004897910622264
7.280728072807281,-0.8085959882694982
7.281728172817282,-0.37910658813187464
7.282728272827283,-0.25846624107892
7.283728372837284,-0.6588048828796857
7.284728472847285,-0.400162742578274
7.285728572857286,-0.8605353541251649
7.286728672867286,-0.4333251680614575
7.287728772877288,-0.4380502120745682
7.2887288728872885,-0.47395659432390236
7.28972897289729,-0.6488978213083676
7.290729072907291,-1.235778798673277
7.291729172917292,-0.772420956492602
7.292729272927293,-0.7684080154158723
7.293729372937293,-0.8380279063207805
7.294729472947295,-0.6170833028728789
7.2957295729572955,-0.7244825113290608
7.296729672967297,-0.8047731307051229
7.297729772977298,-0.8507747073172237
7.298729872987299,-0.7812843199562685
7.2997299729973,-0.4130520754257302
7.3007300730073,-0.7687303264494862
7.301730173017302,-0.7386897099523082
7.3027302730273025,-0.7262214524186105
7.303730373037304,-0.5662665467687903
7.304730473047305,-0.5420020826372787
7.305730573057306,-1.2413734805890695
7.306730673067307,-0.427308834406383
7.307730773077307,-0.3435595367938118
7.308730873087309,-0.8400713291832307
7.3097309730973095,-0.8236982094327235
7.310731073107311,-0.7184974861790536
7.311731173117312,-0.7788596182159065
7.312731273127313,-0.5820892505423758
7.313731373137314,-1.0153993461976465
7.314731473147315,-0.8489033735315246
7.315731573157316,-0.3167059206418097
7.316731673167316,-0.8094208545338464
7.317731773177318,-0.37432674287405376
7.3187318731873185,-0.5511843787829283
7.31973197319732,-0.9833493066559784
7.320732073207321,-0.4936778409381391
7.321732173217322,-0.6435292705601598
7.322732273227323,-0.710345608414613
7.323732373237323,-0.5695214649935528
7.324732473247325,-0.5228512144245319
7.3257325732573255,-0.4755289580325338
7.326732673267327,-0.38067058782408114
7.327732773277328,-0.5339722742394875
7.328732873287329,-0.8900090786068799
7.32973297329733,-0.7088987005616822
7.33073307330733,-0.024851873315671846
7.331733173317332,-0.46785988130779543
7.3327332733273325,-0.13820184592366752
7.333733373337334,-0.3322783995326361
7.334733473347335,-0.5623154457151486
7.335733573357336,-0.549709860756637
7.336733673367337,-0.6166275039535261
7.337733773377337,-0.9561974824158685
7.338733873387339,-0.6043570489250523
7.3397339733973395,-0.36516644036080986
7.340734073407341,-0.7265691464091715
7.341734173417342,-0.5235953226500134
7.342734273427343,-0.43501749952747304
7.343734373437344,-0.7866266262890553
7.344734473447345,-0.6943110162067687
7.345734573457346,-0.8069977527122527
7.346734673467346,-0.7672187242371191
7.347734773477348,-0.8596819750103744
7.3487348734873486,-0.7816311225847733
7.34973497349735,-0.31703603183313767
7.350735073507351,-0.7834135656063577
7.351735173517352,-0.574422589792649
7.352735273527353,-0.6996897675343839
7.353735373537353,-0.3627497487726279
7.354735473547355,-0.3357027586748402
7.3557355735573555,-0.42453889151452795
7.356735673567357,-0.535549060537764
7.357735773577358,-0.6424163995907615
7.358735873587359,-0.834013415991831
7.35973597359736,-0.20637216718326568
7.36073607360736,-0.7464575234282959
7.361736173617362,-0.46124415748508163
7.3627362736273625,-0.38151637168602603
7.363736373637364,-0.7039472184096075
7.364736473647365,-0.3847558405063949
7.365736573657366,-0.43898854642001317
7.366736673667367,-0.2457168947889407
7.367736773677367,-0.6846630824965829
7.368736873687369,-0.8474563909164352
7.3697369736973695,-0.6908770254613581
7.370737073707371,-0.5475095586230562
7.371737173717372,-0.5771446369209305
7.372737273727373,-0.6669874152776268
7.373737373737374,-0.9696577354259956
7.374737473747375,-0.49324582080097606
7.375737573757376,-0.19240348367845467
7.376737673767376,-0.4935578881107645
7.377737773777378,-0.464122598054201
7.3787378737873786,-0.4710080291844487
7.37973797379738,-0.5056409793569392
7.380738073807381,-0.39827618860505765
7.381738173817382,-0.5050995708867938
7.382738273827383,-0.6462805328845054
7.383738373837383,-0.7425195490661352
7.384738473847385,-0.6326990515181603
7.3857385738573855,-0.5196668682730237
7.386738673867387,-0.6453037084180062
7.387738773877388,-0.5188196369607886
7.388738873887389,-0.49346351964642304
7.38973897389739,-0.4142697543875755
7.39073907390739,-0.32396466804153884
7.391739173917392,-0.5645461310574166
7.3927392739273925,-0.8413328167723505
7.393739373937394,-0.6484341518174397
7.394739473947395,-0.5702425904849555
7.395739573957396,-0.9458565720020174
7.396739673967397,-0.30062358072455797
7.397739773977397,-0.5495405146944818
7.398739873987399,-0.5014110919042518
7.3997399739973995,-0.30424787721416335
7.400740074007401,-0.7030591954293745
7.401740174017402,-0.46190565059868216
7.402740274027403,-0.598376214777871
7.403740374037404,-0.6129160606679361
7.404740474047405,-0.7302384027795288
7.405740574057406,-0.24238645780674173
7.406740674067406,-0.6503202171844454
7.407740774077408,-0.43504639704735754
7.408740874087409,-0.949665684545626
7.40974097409741,-0.33839737924511903
7.410741074107411,-0.363689643174118
7.411741174117412,-0.554387745486852
7.412741274127413,-0.6190116503051538
7.413741374137413,-0.4933776335934264
7.414741474147415,-0.11537985944780182
7.4157415741574155,-0.9255515581485911
7.416741674167417,-0.4162708274062799
7.417741774177418,-0.7547777010932332
7.418741874187419,-0.5762216936373697
7.41974197419742,-0.6216036380742408
7.42074207420742,-0.6574866794652432
7.421742174217422,-0.5737172681375389
7.4227422742274225,-0.7982654729945906
7.423742374237424,-0.36540793134203586
7.424742474247425,-0.9298912536881574
7.425742574257426,-0.46293392466194544
7.426742674267427,-0.6360240004694319
7.427742774277427,-0.8047375218839321
7.428742874287429,-0.5299172754696433
7.4297429742974295,-0.8816312490001357
7.430743074307431,-0.5621510066967197
7.431743174317432,-0.8545275304221476
7.432743274327433,-0.4775617287939797
7.433743374337434,-0.7545572081180159
7.434743474347435,-0.6597597188450433
7.435743574357436,-0.5106517690057943
7.436743674367436,-0.723836335441305
7.437743774377438,-0.5808124924444011
7.438743874387439,-0.8718830622155007
7.43974397439744,-0.4428445772027576
7.440744074407441,-0.21594511517319842
7.441744174417442,-0.010399698800534374
7.442744274427443,-0.5505268316450195
7.443744374437443,-0.41104398809820275
7.444744474447445,-0.9247396464184146
7.4457445744574455,-0.2680026555021746
7.446744674467447,-0.4132441145712201
7.447744774477448,-0.6652220569981948
7.448744874487449,-0.3209499895289253
7.44974497449745,-0.6192373463655366
7.45074507450745,-0.6599083191820383
7.451745174517452,-0.47320258879054033
7.4527452745274525,-0.7809118739955276
7.453745374537454,-0.36389249870417684
7.454745474547455,-0.7793969369144002
7.455745574557456,-0.7781964682633336
7.456745674567457,-0.7501149834569001
7.457745774577457,-0.41627347978662876
7.458745874587459,-0.6915299329285809
7.4597459745974595,-0.8377802678877477
7.460746074607461,-0.6893282031352037
7.461746174617462,-0.5746165753073625
7.462746274627463,-0.8044232654204189
7.463746374637464,-0.7985903905673324
7.464746474647465,-0.14602499709565098
7.465746574657466,-0.7404320969050625
7.466746674667466,-0.6329668606505339
7.467746774677468,-0.6418497372595825
7.468746874687469,-0.652722188700904
7.46974697469747,-0.44423446890855517
7.470747074707471,-0.3789326756112913
7.471747174717472,-0.6298140186786579
7.472747274727473,-0.8159850325147343
7.473747374737473,-0.31387190638228796
7.474747474747475,-0.5879030381365183
7.4757475747574755,-0.22284957280270057
7.476747674767477,-1.0181144353258702
7.477747774777478,-0.5300040914762325
7.478747874787479,-0.18545506397071027
7.47974797479748,-0.6399248226456871
7.48074807480748,-0.6144703690389942
7.481748174817482,-0.5103730125720212
7.4827482748274825,-0.6813421120929111
7.483748374837484,-0.6321088157680943
7.484748474847485,-0.6373727650679402
7.485748574857486,-0.6954129975414648
7.486748674867487,-0.324280383832785
7.487748774877487,-0.47796262017066615
7.488748874887489,-0.5201827527739247
7.4897489748974895,-0.40872795997570355
7.490749074907491,-0.6234506290573942
7.491749174917492,-0.7255610148885155
7.492749274927493,-0.6913893370426175
7.493749374937494,-0.5706554767939716
7.494749474947495,-0.7830053670043705
7.495749574957496,-0.6713694473442505
7.4967496749674964,-0.6746980159821505
7.497749774977498,-0.14672405615038153
7.498749874987499,-1.1265620211270644
7.4997499749975,-0.6078897700974649
7.500750075007501,-0.2269968662683295
7.501750175017502,-0.5479394815992708
7.502750275027503,-0.4218005237129294
7.503750375037503,-0.5526972370826213
7.504750475047505,-0.7063104387052963
7.5057505750575055,-1.0214109348630651
7.506750675067507,-0.5321232612480399
7.507750775077508,-0.7285249770915597
7.508750875087509,-0.7336625429440297
7.50975097509751,-0.6735872072516222
7.51075107510751,-0.22501419824342572
7.511751175117512,-0.0932180637446397
7.5127512751275125,-0.5309453859677487
7.513751375137514,-0.6675440673116398
7.514751475147515,-0.810241741575257
7.515751575157516,-0.4812963861514909
7.516751675167517,-0.21863332156493515
7.517751775177517,-0.6248945423682911
7.518751875187519,-1.051439633901974
7.5197519751975195,-0.44184632632550086
7.520752075207521,-0.3789939638466612
7.521752175217522,-0.8934624261528954
7.522752275227523,-0.5412175353754979
7.523752375237524,-0.4864918602344913
7.524752475247525,-0.5915827673955099
7.525752575257526,-0.7353412210110604
7.5267526752675264,-0.37422674347599527
7.527752775277528,-0.6583186429377343
7.528752875287529,-0.8749097198095359
7.52975297529753,-0.9879983989561987
7.530753075307531,-0.32616576611005454
7.531753175317532,-0.4552361292006519
7.532753275327533,-0.5612084875719571
7.533753375337533,-0.6670933466715065
7.534753475347535,-0.6850742055946266
7.5357535753575355,-0.7946587680621042
7.536753675367537,-0.6660402257640419
7.537753775377538,-1.0040048715814383
7.538753875387539,-0.7274390942330595
7.53975397539754,-0.6426533348025718
7.54075407540754,-0.458729752521472
7.541754175417542,-0.5889313766114411
7.5427542754275425,-0.4222021035012322
7.543754375437544,-0.31160059646842936
7.544754475447545,-0.37003466703353016
7.545754575457546,-0.48780788964801525
7.546754675467547,-0.5797785292691469
7.547754775477547,-0.7785498327802607
7.548754875487549,-0.43464447389949035
7.5497549754975495,-0.24692467469376045
7.550755075507551,-0.5146935505834849
7.551755175517552,-0.1999032028771185
7.552755275527553,-0.8887092408937791
7.553755375537554,-0.8146669613651188
7.554755475547555,-0.4130328118785561
7.555755575557556,-0.5314532695398945
7.5567556755675565,-0.3217923685070926
7.557755775577558,-0.5878798430689318
7.558755875587559,-0.7586164538868524
7.55975597559756,-0.6279749399053319
7.560756075607561,-0.8920269993978458
7.561756175617562,-0.8114411690612934
7.562756275627563,-0.39146590315998625
7.563756375637563,-0.4116276505999803
7.564756475647565,-0.5138133928943915
7.5657565756575655,-0.9308574789749378
7.566756675667567,-0.6585489461280267
7.567756775677568,-0.8320929188652769
7.568756875687569,-0.3520093767029283
7.56975697569757,-0.7042818388825023
7.57075707570757,-0.8049065593940335
7.571757175717572,-0.582015531432809
7.5727572757275725,-0.716221466810242
7.573757375737574,-0.29165558959712323
7.574757475747575,-0.7355782538196716
7.575757575757576,-0.8686712564203442
7.576757675767577,-1.0196155865238308
7.577757775777577,-0.5953951319769155
7.578757875787579,-0.7018263923518265
7.5797579757975795,-0.8754213394247139
7.580758075807581,-0.3519926052188528
7.581758175817582,-0.456583698348603
7.582758275827583,-0.5958684050808192
7.583758375837584,-0.3175488729611851
7.584758475847585,-0.4580933184846956
7.585758575857586,-0.7553551394082317
7.5867586758675865,-0.7988083760023877
7.587758775877588,-0.42754528805028413
7.588758875887589,-0.5120422483927478
7.58975897589759,-0.5575368371149989
7.590759075907591,-0.7609533297557703
7.591759175917592,-0.47022818078322415
7.592759275927593,-0.7430778613346342
7.593759375937593,-0.6125321905792643
7.594759475947595,-0.30289910859437336
7.5957595759575955,-0.7246040852587489
7.596759675967597,-0.907180530435547
7.597759775977598,-0.8032336176392443
7.598759875987599,-0.39400189205234815
7.5997599759976,-0.542048804423662
7.6007600760076,-0.6188996969862832
7.601760176017602,-0.6950679049061793
7.6027602760276025,-0.4962977365409206
7.603760376037604,-0.763306832398555
7.604760476047605,-0.532464380858807
7.605760576057606,-0.7399554472435876
7.606760676067607,-0.7733387741826124
7.607760776077607,-0.7214019907199978
7.608760876087609,-0.6690787608742861
7.6097609760976095,-0.6038510859873351
7.610761076107611,-0.5470768046034494
7.611761176117612,-1.3319187825403684
7.612761276127613,-0.7558484304442321
7.613761376137614,-0.672699661234749
7.614761476147615,-0.2934352753710081
7.615761576157616,-0.8105048108101625
7.6167616761676165,-0.5619960785423852
7.617761776177618,-0.2955948785359408
7.618761876187619,-0.8572345284235916
7.61976197619762,-0.5158799212191091
7.620762076207621,-0.7551576575632024
7.621762176217622,-0.6956524625123646
7.622762276227623,-0.7553643215373259
7.623762376237623,-0.741123993113223
7.624762476247625,-0.05037433316270268
7.6257625762576255,-0.42586359298029713
7.626762676267627,-0.37439889180229435
7.627762776277628,-0.49633307452524666
7.628762876287629,-0.9159619672088573
7.62976297629763,-0.5156913020231377
7.63076307630763,-0.38006262778001115
7.631763176317632,-0.7652873873234417
7.6327632763276325,-0.40149430746399295
7.633763376337634,-0.45363767326308535
7.634763476347635,-0.2240352260859198
7.635763576357636,-0.6779311224772583
7.636763676367637,-0.8138208862195431
7.637763776377637,-0.6665412861691343
7.638763876387639,-0.307011164937105
7.6397639763976395,-0.9597088838959702
7.640764076407641,-1.0075977601292978
7.641764176417642,-0.5759309561476433
7.642764276427643,-0.6822076715196908
7.643764376437644,-0.5920163622170717
7.644764476447645,-0.40436396222173426
7.645764576457646,-0.703796730072776
7.6467646764676465,-0.9677326613785162
7.647764776477648,-0.18407582942948653
7.648764876487649,-0.7922503769136136
7.64976497649765,-0.8044365769894267
7.650765076507651,-0.3717013595183969
7.651765176517652,-0.6691510947610677
7.652765276527653,-0.6047307701565291
7.653765376537653,-0.4952858475327578
7.654765476547655,-0.374909790411145
7.6557655765576555,-0.6580924773532583
7.656765676567657,-0.28717517732798276
7.657765776577658,-1.0180820234936565
7.658765876587659,-0.43871224058718217
7.65976597659766,-0.7583139165872179
7.66076607660766,-0.3156838654530951
7.661766176617662,-0.5614498878304206
7.6627662766276625,-0.7241513603367418
7.663766376637664,-0.4567043659155483
7.664766476647665,-0.4103279108893929
7.665766576657666,-0.46027038202893134
7.666766676667667,-0.794262636747001
7.667766776677667,-0.6847914774682103
7.668766876687669,-0.5884576918161386
7.6697669766976695,-0.5955404605872774
7.670767076707671,-0.43697510122129557
7.671767176717672,-0.9895302964979072
7.672767276727673,-0.5193006073442514
7.673767376737674,-0.6437682993958777
7.674767476747675,-0.7530681317527517
7.675767576757676,-0.7334512417282443
7.6767676767676765,-0.627437122827355
7.677767776777678,-1.3043120692436916
7.678767876787679,-0.7239081045560344
7.67976797679768,-0.7583579102463566
7.680768076807681,-0.4761726008214793
7.681768176817682,-0.7433583489075962
7.682768276827683,-0.6247889447400145
7.683768376837683,-0.2728133646190024
7.684768476847685,-0.38189015568040896
7.6857685768576856,-0.39978714443816843
7.686768676867687,-0.6796860021743478
7.687768776877688,-0.47056421072321397
7.688768876887689,-0.6253983682813098
7.68976897689769,-0.6172745157121261
7.69076907690769,-0.49554472701012564
7.691769176917692,-0.696295225810585
7.6927692769276925,-0.27769932354875737
7.693769376937694,-0.6077180667480606
7.694769476947695,-0.4514006125641636
7.695769576957696,-0.28332184444988645
7.696769676967697,-0.3674688626589995
7.697769776977697,-0.8549295138549611
7.698769876987699,-0.4835009246075088
7.6997699769976995,-0.40165890604055027
7.700770077007701,-0.3927410697402006
7.701770177017702,-0.7930716754465605
7.702770277027703,-0.7011068733983803
7.703770377037704,-0.37006331726354746
7.704770477047705,-0.7205901365580026
7.705770577057706,-0.6274282703288244
7.7067706770677065,-0.2515527316364376
7.707770777077708,-0.5755143559557401
7.708770877087709,-0.7105236638604043
7.70977097709771,-0.7398942968668448
7.710771077107711,-0.4970165487214456
7.711771177117712,-0.8293671470283518
7.712771277127713,-0.6113693524161188
7.713771377137713,-0.4944080930680519
7.714771477147715,-0.30036364548714
7.7157715771577156,-0.42581071559490546
7.716771677167717,-0.7012473337872903
7.717771777177718,-0.3218516260295099
7.718771877187719,-0.6165268220876985
7.71977197719772,-0.8028398350427702
7.72077207720772,-0.5891699553763502
7.721772177217722,-0.2661772793235394
7.7227722772277225,-0.5197994755016478
7.723772377237724,-0.549366355830317
7.724772477247725,-0.223438467941507
7.725772577257726,-0.8361486077682911
7.726772677267727,-0.8059810247226161
7.727772777277727,-0.871000731037185
7.728772877287729,-0.47225865566593994
7.7297729772977295,-0.5124330951676818
7.730773077307731,-0.2361143971168126
7.731773177317732,-0.49488307884536126
7.732773277327733,-0.6233123754762859
7.733773377337734,-0.5410111963388473
7.734773477347735,-0.5167042455332984
7.735773577357736,-0.8734598266651825
7.7367736773677365,0.0041106756055470095
7.737773777377738,-0.4328157239575848
7.738773877387739,-0.49360868845677364
7.73977397739774,-0.4113840795163675
7.740774077407741,-0.39132726660549333
7.741774177417742,-0.5600987629814076
7.742774277427743,-0.6570008704201274
7.743774377437743,-0.40961301521855514
7.744774477447745,-0.45109738415864986
7.745774577457746,-0.6889398213548086
7.746774677467747,-0.2418627376147861
7.747774777477748,-0.46569328021728856
7.748774877487749,-0.3770793726039793
7.74977497749775,-0.2433243163983964
7.75077507750775,-0.5159816317814045
7.751775177517752,-0.4556055123880496
7.7527752775277525,-0.3556125626204948
7.753775377537754,-0.6611978660520654
7.754775477547755,-0.5040084623880126
7.755775577557756,-0.48828769484528706
7.756775677567757,-0.7031731767417766
7.757775777577757,-0.04698356597188191
7.758775877587759,-0.7905044394446967
7.7597759775977595,-0.7671866955352594
7.760776077607761,-0.24322606860555107
7.761776177617762,-0.3619088759303766
7.762776277627763,-0.7082310744384052
7.763776377637764,-0.38004150501640055
7.764776477647765,-0.20637559872764893
7.765776577657766,-0.5044298325104623
7.7667766776677665,0.022970700582380044
7.767776777677768,-0.8400079974577959
7.768776877687769,-0.3548177706380643
7.76977697769777,-0.2586486640628871
7.770777077707771,-0.31204243878823235
7.771777177717772,-0.5295242449174524
7.772777277727773,-0.5450682445590184
7.773777377737773,-0.39646270665282046
7.774777477747775,-0.32043755709926075
7.775777577757776,-0.36137537892697025
7.776777677767777,-0.272124975971106
7.777777777777778,-0.682161888332209
7.778777877787779,-0.5221782696796647
7.77977797779778,-0.6628482513232586
7.78077807780778,-0.5502734058856199
7.781778177817782,-0.26819723408092777
7.7827782778277825,-0.4478199480212761
7.783778377837784,0.05379504018792608
7.784778477847785,-0.4270403031053882
7.785778577857786,-0.45191269229502595
7.786778677867787,-0.44072866876789063
7.787778777877787,-0.5876258531332732
7.788778877887789,-0.4697149625595648
7.7897789778977895,-0.23065821043466622
7.790779077907791,-0.43147449556488054
7.791779177917792,-0.6109980140506452
7.792779277927793,-0.635345045273846
7.793779377937794,-0.5383751561893586
7.794779477947795,-0.43155334126355216
7.795779577957796,-0.20558455567499812
7.7967796779677965,-0.7103600014140696
7.797779777977798,-0.5041725069351743
7.798779877987799,-0.4092747863238561
7.7997799779978,-0.8027920367097807
7.800780078007801,-0.6006691810460684
7.801780178017802,-0.5678104168360333
7.802780278027803,-0.5888945068295992
7.8037803780378034,-0.3891747812258277
7.804780478047805,-0.4575014022653962
7.805780578057806,-0.5342680206489083
7.806780678067807,-0.3354241225767185
7.807780778077808,-0.07419207918029253
7.808780878087809,-0.08873062102004703
7.80978097809781,-0.79889570775419
7.81078107810781,-0.2966708740466195
7.811781178117812,-0.4454184566883619
7.8127812781278125,-0.376495750954271
7.813781378137814,-0.4848809833865447
7.814781478147815,-0.37938874816972284
7.815781578157816,-0.3702916374511045
7.816781678167817,-0.5140146611458577
7.817781778177817,-0.5751335688999698
7.818781878187819,-0.48321950903599903
7.8197819781978195,-0.34423340390099205
7.820782078207821,-0.2688754521390783
7.821782178217822,-0.21557897711137283
7.822782278227823,-0.48264542744964495
7.823782378237824,-0.3245817682371106
7.824782478247825,-0.18637804194234905
7.825782578257826,-0.14327209160179458
7.8267826782678265,-0.3856547960245508
7.827782778277828,-0.41555638235154113
7.828782878287829,-0.33061167440767775
7.82978297829783,-0.5962291859809004
7.830783078307831,-0.4024454657406479
7.831783178317832,-0.21222687408900925
7.832783278327833,-0.23016005319738606
7.8337833783378334,-0.40999307797067336
7.834783478347835,-0.3097707659811291
7.835783578357836,-0.5156041135488899
7.836783678367837,-0.20732006515528115
7.837783778377838,-0.36091206190368885
7.838783878387839,-0.3978521967310737
7.83978397839784,-0.41230567916175015
7.84078407840784,-0.34982358743020897
7.841784178417842,-0.42408916514367745
7.8427842784278425,-0.20013879523144001
7.843784378437844,-0.4080628473689603
7.844784478447845,-0.007637048568321814
7.845784578457846,-0.030396518098677494
7.846784678467847,-0.49894111586234724
7.847784778477847,-0.3038704389629719
7.848784878487849,-0.44510659644297296
7.8497849784978495,-0.377453897741384
7.850785078507851,0.09122683194227554
7.851785178517852,-0.3678924157243044
7.852785278527853,-0.23143762122981337
7.853785378537854,-0.19230852393730963
7.854785478547855,-0.4977739019197157
7.855785578557856,-0.46572769114105733
7.8567856785678565,-0.5329589978108347
7.857785778577858,-0.46597999101406296
7.858785878587859,-0.8558086159591181
7.85978597859786,-0.17388832939309545
7.860786078607861,0.13104624049130786
7.861786178617862,-0.24720163878682674
7.862786278627863,-0.5569783965133603
7.8637863786378635,-0.39922435779973625
7.864786478647865,-0.35937456534419904
7.865786578657866,-0.4680319661820531
7.866786678667867,-0.08938003819039603
7.867786778677868,-0.09625189501594528
7.868786878687869,-0.48626742644092014
7.86978697869787,-0.1070198919229726
7.87078707870787,0.05648148512560111
7.871787178717872,0.13479968803414272
7.8727872787278725,0.3305135418291034
7.873787378737874,-0.4197303532238266
7.874787478747875,0.3287232035041776
7.875787578757876,-0.30373736363491033
7.876787678767877,-0.34815057541526784
7.877787778777877,-0.16099065124827705
7.878787878787879,-0.33955132833731966
7.8797879787978795,-0.14005051272529007
7.880788078807881,-0.48058145310771017
7.881788178817882,-0.2610096580737399
7.882788278827883,0.04717768699477101
7.883788378837884,-0.2180171939103627
7.884788478847885,-0.17493856165940308
7.885788578857886,-0.10484544388128969
7.8867886788678865,0.03760899730057943
7.887788778877888,-0.5241812088342612
7.888788878887889,-0.07283122481802903
7.88978897889789,-0.2399505203236754
7.890789078907891,-0.14956871743116246
7.891789178917892,0.03253312780353296
7.892789278927893,-0.41484191131208126
7.8937893789378935,-0.3750682696901708
7.894789478947895,-0.5561473601486903
7.895789578957896,-0.27540239141098755
7.896789678967897,0.10401932062987676
7.897789778977898,-0.1826685044211492
7.898789878987899,-0.42304740125663987
7.8997899789979,-0.24861702765055377
7.9007900790079,-0.4455000422103301
7.901790179017902,-0.369398976420232
7.9027902790279025,-0.0630197266466193
7.903790379037904,-0.3719676915858935
7.904790479047905,0.08893648449843095
7.905790579057906,-0.1441996857639598
7.906790679067907,-0.10922990760014305
7.907790779077907,-0.17838470198385412
7.908790879087909,0.03551008969764016
7.9097909790979095,0.041234949681695277
7.910791079107911,-0.04471195914811178
7.911791179117912,0.004920866079495753
7.912791279127913,-0.1467574113301769
7.913791379137914,0.007810131726060765
7.914791479147915,-0.1644855611514206
7.915791579157916,-0.09273183677212922
7.9167916791679165,-0.14436376025623437
7.917791779177918,-0.17712433736401734
7.918791879187919,-0.21973745463144348
7.91979197919792,0.015399536477411449
7.920792079207921,0.18777030767281794
7.921792179217922,0.16366804907799654
7.922792279227923,-0.31805604157564593
7.9237923792379235,0.19491776839649477
7.924792479247925,-0.12272372828374954
7.925792579257926,0.06489598960400128
7.926792679267927,-0.23264174610245186
7.927792779277928,-0.019140326000007982
7.928792879287929,0.019081053303123596
7.92979297929793,-0.3367015447789089
7.93079307930793,0.08576603135137242
7.931793179317932,0.23720288735155343
7.9327932793279325,-0.06300039738251591
7.933793379337934,0.2478860566228136
7.934793479347935,-0.05815318290821187
7.935793579357936,0.15364526725286878
7.936793679367937,-0.4560331142051085
7.937793779377937,0.475398537646441
7.938793879387939,0.2947062301007183
7.9397939793979395,-0.0573295130087033
7.940794079407941,-0.390831892681107
7.941794179417942,0.06519113906993942
7.942794279427943,-0.2771909539003167
7.943794379437944,0.10458259931710426
7.944794479447945,0.10195172641210078
7.945794579457946,-0.16460649820907558
7.9467946794679465,0.25191186278326916
7.947794779477948,0.19288639723219392
7.948794879487949,0.23099770503472897
7.94979497949795,0.0416746471393424
7.950795079507951,-0.239123245122633
7.951795179517952,0.24364278216650143
7.952795279527953,-0.0019109909618003074
7.9537953795379535,-0.22168967340055692
7.954795479547955,0.3307853030825716
7.955795579557956,0.48437791945524483
7.956795679567957,0.06037358788178448
7.957795779577958,0.5045819573175981
7.958795879587959,0.09516280028136133
7.95979597959796,0.0049583178867952105
7.96079607960796,-0.04088513188785575
7.961796179617962,0.41678741643176953
7.9627962796279625,-0.06248625079787434
7.963796379637964,0.2447750915162521
7.964796479647965,-0.009925821892413339
7.965796579657966,0.014038217453621687
7.966796679667967,0.31634894009338305
7.967796779677967,0.0384977666262382
7.968796879687969,0.037758794154837044
7.9697969796979695,0.3494980390640128
7.970797079707971,0.446642178716945
7.971797179717972,0.2603325870013597
7.972797279727973,0.00467875785584157
7.973797379737974,0.03775517422244652
7.974797479747975,0.1601100560667654
7.975797579757976,0.21256900631979464
7.9767976797679765,-0.04492844327701312
7.977797779777978,0.30151971808664946
7.978797879787979,0.17828772611091082
7.97979797979798,-0.17767824336029023
7.980798079807981,-0.016038194594403143
7.981798179817982,0.0732102608168144
7.982798279827983,0.16375845392348215
7.9837983798379835,0.5604847394158966
7.984798479847985,0.2345671122409304
7.985798579857986,0.023087115017640575
7.986798679867987,0.23968095596231093
7.987798779877988,0.12945509629059293
7.988798879887989,0.2691465810330034
7.98979897989799,0.3246350822642874
7.99079907990799,0.45469849777884885
7.991799179917992,0.212329991426138
7.9927992799279926,0.5493183037061291
7.993799379937994,0.40747351002226817
7.994799479947995,0.08872760554392975
7.995799579957996,0.6765368279308059
7.996799679967997,0.3043183062801193
7.997799779977997,0.07625162520426496
7.998799879987999,0.5782195567775932
7.9997999799979995,0.6675560665765636
8.000800080008,0.24976216626781567
8.001800180018002,0.1600067865670774
8.002800280028003,0.23063430031759646
8.003800380038005,0.41243080709237817
8.004800480048004,0.5294335617719363
8.005800580058006,0.3923399480023368
8.006800680068007,0.30296973867779425
8.007800780078007,0.5866123122091662
8.008800880088009,0.22882965235741312
8.00980098009801,0.5019698124860881
8.010801080108012,0.24256427311619247
8.011801180118011,0.3907740833314238
8.012801280128013,0.2862512892653094
8.013801380138014,0.30218920806750793
8.014801480148014,0.24227959544174738
8.015801580158016,0.5911262513055573
8.016801680168017,0.17996995498132307
8.017801780178019,0.1829094803911564
8.018801880188018,0.7595563422694547
8.01980198019802,0.5353296490464716
8.020802080208021,-0.13285940909673027
8.021802180218021,0.23551534331915636
8.022802280228023,-0.009426571565172459
8.023802380238024,0.16723768438693695
8.024802480248026,-0.2659223828455988
8.025802580258025,0.3387874400805062
8.026802680268027,0.14220175238213043
8.027802780278028,0.3869757608527326
8.028802880288028,0.05437476080879955
8.02980298029803,0.40038527308026045
8.030803080308031,0.30522300023900256
8.031803180318033,0.6929995424999078
8.032803280328032,0.6792822320599485
8.033803380338034,0.5584809835261817
8.034803480348035,0.3404890791376706
8.035803580358035,0.8072867318259027
8.036803680368036,0.1040011357566602
8.037803780378038,0.13829260076641048
8.03880388038804,0.4066423144898837
8.03980398039804,0.8785995119833891
8.04080408040804,0.3917152878922644
8.041804180418042,0.39992329830891876
8.042804280428042,0.15257752720627576
8.043804380438043,0.6345306158294637
8.044804480448045,0.6403627738371294
8.045804580458046,0.6119229861864557
8.046804680468046,0.33264170781703983
8.047804780478048,0.32151973346278406
8.04880488048805,0.20860910472987426
8.04980498049805,0.488377620342003
8.05080508050805,0.259888191337729
8.051805180518052,0.2448497398327076
8.052805280528053,0.3999550020828739
8.053805380538053,0.39121861026394567
8.054805480548055,0.38580730894310633
8.055805580558056,0.5910414473336302
8.056805680568058,0.5179078197537174
8.057805780578057,0.44880887690164945
8.058805880588059,0.5473804588694864
8.05980598059806,0.31680609589780917
8.06080608060806,0.5404965746950516
8.061806180618062,0.5538862833287322
8.062806280628063,0.22747681095693162
8.063806380638065,0.7315406691682039
8.064806480648064,0.3604261242975211
8.065806580658066,0.5590808580183358
8.066806680668067,0.7782022391273568
8.067806780678067,0.7347510696661719
8.068806880688069,0.5607729314831215
8.06980698069807,0.48569157170238564
8.070807080708072,0.7519733297304727
8.071807180718071,0.7016838509527403
8.072807280728073,0.44733996486265437
8.073807380738074,0.4162964335811815
8.074807480748074,0.16506027597114015
8.075807580758076,0.6145876598536858
8.076807680768077,0.5714854263318829
8.077807780778079,0.8195005135093248
8.078807880788078,0.6683039748493701
8.07980798079808,0.8675628418793617
8.080808080808081,0.4654614087605672
8.081808180818081,0.8367746514341118
8.082808280828083,0.507564595211933
8.083808380838084,0.7730631994894122
8.084808480848086,0.32998113055707856
8.085808580858085,0.6729412723545701
8.086808680868087,0.23315048487654966
8.087808780878088,0.5808267698425151
8.088808880888088,0.7264834689061539
8.08980898089809,0.538369448417206
8.090809080908091,0.43661808322685236
8.091809180918093,0.8200635914376151
8.092809280928092,0.634273343159891
8.093809380938094,0.5611693670552026
8.094809480948095,0.6715717448075299
8.095809580958095,1.1946267990431165
8.096809680968097,0.9020851740103111
8.097809780978098,0.9079820719621632
8.0988098809881,0.7666503150047231
8.0998099809981,0.716902675152689
8.1008100810081,0.20844446709296888
8.101810181018102,0.5559107726287904
8.102810281028102,0.599628368047308
8.103810381038103,0.32479161703108195
8.104810481048105,0.47230390034321923
8.105810581058106,0.3116269213763779
8.106810681068106,0.704126613695505
8.107810781078108,0.8795316280887918
8.10881088108811,0.9411101584935002
8.10981098109811,0.8066786160055522
8.11081108110811,0.5349984526039423
8.111811181118112,0.34521009554866394
8.112811281128113,0.3841840839244457
8.113811381138113,0.48568517630815805
8.114811481148115,0.5656226730438514
8.115811581158116,0.7153467686990008
8.116811681168118,0.5483542971760029
8.117811781178117,0.8228616912919083
8.118811881188119,0.7124797656998696
8.11981198119812,0.7649000272479115
8.12081208120812,0.9946857623131404
8.121812181218122,0.5344223036702431
8.122812281228123,0.8580306806825916
8.123812381238125,0.7753042338775408
8.124812481248124,0.71519862254207
8.125812581258126,0.9627319115992595
8.126812681268127,0.9652559018039093
8.127812781278127,0.6039148755296617
8.128812881288129,0.7605283080984759
8.12981298129813,0.8569374641293553
8.130813081308132,0.749815679999586
8.131813181318131,0.9251302843139888
8.132813281328133,0.8680603833306133
8.133813381338134,1.1820170511029788
8.134813481348134,0.5131185486486061
8.135813581358136,0.7983433887180398
8.136813681368137,0.6447728221257796
8.137813781378139,0.9509239694939211
8.138813881388138,0.5102835602782788
8.13981398139814,0.9065821362048023
8.140814081408141,0.7148976502479374
8.141814181418141,0.6976486830419318
8.142814281428143,0.5587410040187326
8.143814381438144,0.7585708044018561
8.144814481448146,1.0720171012377138
8.145814581458145,0.8535958052315326
8.146814681468147,0.9876716105238772
8.147814781478148,1.1985512080804157
8.148814881488148,0.9218465030339227
8.14981498149815,0.7607931340498563
8.150815081508151,0.9694461687228624
8.151815181518153,0.7705640837573291
8.152815281528152,0.7819511695464488
8.153815381538154,0.5822542415291909
8.154815481548155,1.0748659936602258
8.155815581558155,0.8157801702057401
8.156815681568157,0.9327509179330656
8.157815781578158,0.6924737581507545
8.15881588158816,0.9901747352016472
8.15981598159816,0.7539001164135367
8.16081608160816,0.8812337634883431
8.161816181618162,1.0884117469852594
8.162816281628162,1.0742532258358928
8.163816381638163,0.9149338624164843
8.164816481648165,0.5689357764398625
8.165816581658166,1.5243296977592256
8.166816681668166,1.2781283759715951
8.167816781678168,1.0766638456979698
8.16881688168817,0.7846436276027451
8.16981698169817,0.9157045634809018
8.17081708170817,0.8328605353113698
8.171817181718172,1.1974203534687786
8.172817281728173,1.0002371130838486
8.173817381738173,0.7939738638858507
8.174817481748175,0.8597083548164233
8.175817581758176,1.1811322883007935
8.176817681768178,1.2799319685487605
8.177817781778177,1.2685788142947314
8.178817881788179,1.1173012893746765
8.17981798179818,0.9183344596420402
8.18081808180818,0.323503318150545
8.181818181818182,1.0341667416578892
8.182818281828183,0.9772795543563942
8.183818381838185,1.0085341224466058
8.184818481848184,0.9941913103532459
8.185818581858186,0.7210152005110367
8.186818681868187,1.1005867045059048
8.187818781878187,1.1183670991594632
8.188818881888189,1.1311918342825409
8.18981898189819,1.1868210343395016
8.190819081908192,1.1210787491595973
8.191819181918191,0.9210064724003505
8.192819281928193,0.9915699854567537
8.193819381938194,1.0266683130720682
8.194819481948194,1.0326701173620318
8.195819581958196,1.2134414697219262
8.196819681968197,1.145180143561106
8.197819781978199,1.4345441997648947
8.198819881988198,1.4629790128625824
8.1998199819982,1.0402053469144057
8.200820082008201,0.2595149656667929
8.201820182018201,1.2767635686646226
8.202820282028203,0.923853087154102
8.203820382038204,0.8741430545172442
8.204820482048206,0.957242397897616
8.205820582058205,0.9500745139613564
8.206820682068207,1.1643087392069726
8.207820782078208,0.7323991863538857
8.208820882088208,0.8311535975304589
8.20982098209821,1.117720630628346
8.210821082108211,1.1760485973284822
8.211821182118213,1.1821186205089034
8.212821282128212,0.8987330959906349
8.213821382138214,0.8627967740220126
8.214821482148215,0.9594119136256111
8.215821582158215,1.1109817650336382
8.216821682168217,1.3623503142968887
8.217821782178218,0.6579942555267333
8.21882188218822,1.0255419553181446
8.21982198219822,0.8053371304616554
8.22082208220822,0.743588429941152
8.221822182218222,1.2695714136002427
8.222822282228224,1.1872270292393652
8.223822382238223,1.1702896970717904
8.224822482248225,1.2666878308859382
8.225822582258226,0.9885972826752392
8.226822682268226,1.0000506291381244
8.227822782278228,1.5257399394118991
8.22882288228823,1.0412738449076264
8.22982298229823,1.239587217583029
8.23082308230823,1.0957882861390298
8.231823182318232,0.7267898436599365
8.232823282328233,0.6894236551484487
8.233823382338233,0.9844387991639943
8.234823482348235,1.3133203090058791
8.235823582358236,1.2616009818245502
8.236823682368238,1.288578800266996
8.237823782378237,0.9101529232201767
8.238823882388239,1.432513473608164
8.23982398239824,0.9181151082161221
8.24082408240824,1.155391368627044
8.241824182418242,1.1124666321739405
8.242824282428243,1.0814507614091102
8.243824382438245,1.3856101767137532
8.244824482448244,0.9785136118648318
8.245824582458246,0.8512363306393885
8.246824682468247,1.1267558005136256
8.247824782478247,1.0443682908677845
8.248824882488249,1.801364727102809
8.24982498249825,1.2627216741829919
8.250825082508252,1.0470615892413504
8.251825182518251,0.9191943661495484
8.252825282528253,0.7558233852158354
8.253825382538254,0.9282790112946533
8.254825482548254,1.1577302806076646
8.255825582558256,1.4216040548246573
8.256825682568257,1.3618498162098116
8.257825782578259,1.1846818476123284
8.258825882588258,1.0755574381741044
8.25982598259826,1.1952586960761102
8.260826082608261,1.0390510100021106
8.261826182618261,1.487710893175619
8.262826282628263,1.1074366115172818
8.263826382638264,1.1292206693216083
8.264826482648266,0.7045143596560757
8.265826582658265,1.1097594613961173
8.266826682668267,1.3172877993664949
8.267826782678268,0.9375679259740443
8.268826882688268,1.002066746953026
8.26982698269827,1.3118282678803146
8.270827082708271,0.8590067241002748
8.271827182718273,1.3669273055737914
8.272827282728272,1.04994406971432
8.273827382738274,1.079641734216025
8.274827482748275,0.9335389940260753
8.275827582758275,1.234859970166179
8.276827682768277,1.652137885361294
8.277827782778278,1.3173524155536855
8.27882788278828,0.9890620862307484
8.27982798279828,1.389886101780218
8.28082808280828,1.1002455809541543
8.281828182818282,1.43927463640828
8.282828282828284,1.3264857010239508
8.283828382838283,0.5772715052533758
8.284828482848285,0.9658098944421041
8.285828582858286,1.3562054616939956
8.286828682868286,1.198339050377722
8.287828782878288,0.9639121581169923
8.28882888288829,1.042577760158754
8.28982898289829,0.7886572105703045
8.29082908290829,1.152815296829875
8.291829182918292,1.613189861228628
8.292829282928293,1.3325770921754794
8.293829382938293,1.6101888437965228
8.294829482948295,1.349076418629529
8.295829582958296,1.3785609509380288
8.296829682968298,1.5683254236401631
8.297829782978297,1.2493834625996958
8.298829882988299,1.1368829913195548
8.2998299829983,1.3812341243623445
8.3008300830083,1.4658213555290869
8.301830183018302,1.0793875902459713
8.302830283028303,1.0313704394329994
8.303830383038305,1.2037357295853797
8.304830483048304,1.3425210982707794
8.305830583058306,1.3360728763351242
8.306830683068307,0.8918310344073646
8.307830783078307,1.5591722088582747
8.308830883088309,1.0487810116047265
8.30983098309831,1.1241405699056592
8.310831083108312,0.996738848412577
8.311831183118311,1.717028228461857
8.312831283128313,1.2258459371869175
8.313831383138314,1.007282741934166
8.314831483148314,1.3502850490282863
8.315831583158316,1.3313267156669335
8.316831683168317,1.1399300302828066
8.317831783178319,1.3455493226356916
8.318831883188318,1.012298819181268
8.31983198319832,1.078679490955598
8.320832083208321,0.7751024709401391
8.321832183218321,0.9122149810458052
8.322832283228323,1.53836751484479
8.323832383238324,1.5049400153535133
8.324832483248326,1.1896017572436
8.325832583258325,1.5087968784269687
8.326832683268327,1.1439390999113632
8.327832783278328,1.1269922155641103
8.328832883288328,1.1866735798804238
8.32983298329833,1.150061225992993
8.330833083308331,1.131657322303173
8.331833183318333,1.403004224645538
8.332833283328332,1.203956752434396
8.333833383338334,1.3160080239960197
8.334833483348335,1.3793468863069978
8.335833583358335,1.2502441416634416
8.336833683368337,0.9780660410567322
8.337833783378338,0.9010376066850605
8.33883388338834,1.2008345771422504
8.33983398339834,1.1362720761318046
8.34083408340834,1.1874237655779967
8.341834183418342,1.1661341058077543
8.342834283428344,1.685436406921346
8.343834383438343,0.9020305493722585
8.344834483448345,0.7694180743582091
8.345834583458347,1.2331916636962277
8.346834683468346,1.0907182350405344
8.347834783478348,1.2284802894219198
8.34883488348835,1.2812848510644768
8.34983498349835,1.420548320255814
8.35083508350835,0.8614789979056305
8.351835183518352,1.0507550527938376
8.352835283528353,1.2470030884144252
8.353835383538353,1.3144735390059623
8.354835483548355,1.5981785379763038
8.355835583558356,1.3497151016676434
8.356835683568358,1.1462801867179637
8.357835783578357,0.9785923209188511
8.358835883588359,1.0428410827629866
8.35983598359836,1.0361561365131502
8.36083608360836,1.2847191911982212
8.361836183618362,1.2040258869728941
8.362836283628363,0.8868286361725328
8.363836383638365,1.063288682065912
8.364836483648364,1.324867238882887
8.365836583658366,1.218557332742115
8.366836683668367,1.2607993550016334
8.367836783678367,1.2224788363785082
8.368836883688369,1.4699832531579244
8.36983698369837,1.1906869377195937
8.370837083708372,1.0650336492579675
8.371837183718371,0.957825808709522
8.372837283728373,1.1896161007330412
8.373837383738374,0.650249642919256
8.374837483748374,1.1002077882478172
8.375837583758376,1.0945517274041363
8.376837683768377,0.8614586702958418
8.377837783778379,0.9473119093419256
8.378837883788378,1.293487977886145
8.37983798379838,1.1762694402288174
8.380838083808381,1.1490346652660741
8.381838183818381,1.1884757694870483
8.382838283828383,1.1442404677730027
8.383838383838384,1.372775641511952
8.384838483848386,1.1473567040043378
8.385838583858385,0.8294756130020711
8.386838683868387,1.4455712963524157
8.387838783878388,1.1920201948101297
8.388838883888388,0.9984880750649182
8.38983898389839,0.8640250716238478
8.390839083908391,1.1922348406852779
8.391839183918393,1.087944237536897
8.392839283928392,1.4245147729787715
8.393839383938394,1.038790947153553
8.394839483948395,0.9387635189042853
8.395839583958395,1.2836465565363753
8.396839683968397,1.2877717671177913
8.397839783978398,1.1346542552445047
8.3988398839884,1.2343845803746754
8.3998399839984,1.0897456109611174
8.4008400840084,1.1422066745911006
8.401840184018402,1.3265632857190541
8.402840284028404,1.2167411475593521
8.403840384038403,1.0559159632269939
8.404840484048405,1.3583178113248207
8.405840584058407,0.6129298431094006
8.406840684068406,1.494352443589661
8.407840784078408,0.7407641585509961
8.40884088408841,0.9545370265075321
8.40984098409841,1.0697532018297191
8.41084108410841,1.0466032820072366
8.411841184118412,1.2751260083581246
8.412841284128413,0.8602026254161675
8.413841384138413,1.1218313143028402
8.414841484148415,0.9519254746337961
8.415841584158416,1.124468064961144
8.416841684168418,1.0503395134514484
8.417841784178417,1.0797174045358413
8.418841884188419,0.9489639197433377
8.41984198419842,0.9547371040851984
8.42084208420842,1.1119878929925597
8.421842184218422,1.2410425688153521
8.422842284228423,0.9303923534688332
8.423842384238425,0.8740262335668617
8.424842484248424,1.168186162264048
8.425842584258426,1.0366906971687555
8.426842684268427,1.2069715053343735
8.427842784278427,0.8573759914026611
8.428842884288429,0.6802944545597822
8.42984298429843,0.9272115766840962
8.430843084308432,0.8781554708082535
8.431843184318431,1.0132654573898243
8.432843284328433,0.8992348839067328
8.433843384338434,1.172371851018523
8.434843484348434,0.9640867874612149
8.435843584358436,1.0493440652066777
8.436843684368437,1.0482924506004054
8.437843784378439,1.0532570809820219
8.438843884388438,1.0069250168220465
8.43984398439844,1.1113401094554378
8.440844084408441,0.8475425368536063
8.441844184418441,1.2839953052311306
8.442844284428443,0.9542270683040893
8.443844384438444,0.7366323165351121
8.444844484448446,1.033949294473219
8.445844584458445,0.8234759916268174
8.446844684468447,1.1241415528900287
8.447844784478448,1.4303435191342742
8.448844884488448,0.8284410513340056
8.44984498449845,1.0495484179859131
8.450845084508451,0.6292768399373649
8.451845184518453,1.0684486436789449
8.452845284528452,0.7978002213149866
8.453845384538454,0.8472372944991902
8.454845484548455,0.7491941210650046
8.455845584558455,1.1131149399843767
8.456845684568457,1.1653650283042838
8.457845784578458,0.9657869599150652
8.45884588458846,0.7854167465041156
8.45984598459846,1.2733853885008113
8.46084608460846,0.8025640856907728
8.461846184618462,0.5173917310232835
8.462846284628464,1.0386149365408293
8.463846384638464,0.7231081215143613
8.464846484648465,1.1388978295733412
8.465846584658467,0.8620487542933686
8.466846684668466,1.056106488197477
8.467846784678468,1.2127388955393348
8.46884688468847,0.6877295954847471
8.46984698469847,0.813364157191633
8.47084708470847,0.90845537369918
8.471847184718472,1.2281257642867422
8.472847284728473,0.7859528943859927
8.473847384738473,0.7957307797411095
8.474847484748475,1.007249977035741
8.475847584758476,0.7931548407387474
8.476847684768478,0.9360729866515339
8.477847784778477,0.5922161699180823
8.478847884788479,1.3423342264613152
8.47984798479848,0.6268598358063352
8.48084808480848,0.828973565675847
8.481848184818482,0.8837394255271951
8.482848284828483,1.2696740086493272
8.483848384838485,0.6190573190897927
8.484848484848484,1.2776468621475798
8.485848584858486,1.0292105474864401
8.486848684868487,0.9580531072605805
8.487848784878487,0.674555997725086
8.488848884888489,0.9825496329640231
8.48984898489849,0.7204527894870885
8.490849084908492,1.115301297598788
8.491849184918491,0.6645659015548897
8.492849284928493,0.8329463204517691
8.493849384938494,0.7413136896349624
8.494849484948494,0.6516447032073366
8.495849584958496,0.9941850729707656
8.496849684968497,0.949775623532764
8.497849784978499,1.081239754219584
8.498849884988498,0.4802077347073791
8.4998499849985,1.0457532660693172
8.500850085008501,1.3307367293103625
8.501850185018501,0.7360381326871241
8.502850285028503,1.2021071813446278
8.503850385038504,0.7671481457050563
8.504850485048506,0.5419933534704658
8.505850585058505,0.7520358001115014
8.506850685068507,1.0194822837452648
8.507850785078508,0.6388777368157877
8.508850885088508,0.6831093136337134
8.50985098509851,0.9185415409278759
8.510851085108511,0.7970950117011837
8.511851185118513,0.9100497657167905
8.512851285128512,0.8373262515081963
8.513851385138514,0.8823136851166608
8.514851485148515,0.696549900195465
8.515851585158515,0.8259712089456145
8.516851685168517,0.5907587984795954
8.517851785178518,1.0305221280923893
8.51885188518852,0.6425762182166523
8.51985198519852,0.9917903003354793
8.52085208520852,0.7158830644875457
8.521852185218522,0.7995820547720437
8.522852285228524,0.6567614100252684
8.523852385238524,0.5491217028655184
8.524852485248525,0.3999297115458024
8.525852585258527,0.5343726182345211
8.526852685268526,0.6772061310425491
8.527852785278528,0.7809091100352751
8.52885288528853,0.9371495604363576
8.52985298529853,0.6424578103978342
8.53085308530853,0.5517480653494172
8.531853185318532,0.4361236183715346
8.532853285328533,0.8172012283502696
8.533853385338533,0.9943450392090782
8.534853485348535,0.9674856536711006
8.535853585358536,0.8527155766280928
8.536853685368538,0.8349432107997743
8.537853785378537,1.043261047533109
8.538853885388539,0.766650682502001
8.53985398539854,0.8259549089293541
8.54085408540854,0.6290634002401783
8.541854185418542,0.4172994432076974
8.542854285428543,0.5494231584253961
8.543854385438545,0.6808429588295221
8.544854485448544,0.6913108063821127
8.545854585458546,1.0608871359807768
8.546854685468547,0.6883590298594672
8.547854785478547,0.9043434450705174
8.548854885488549,0.5780281268178804
8.54985498549855,0.5991750060993319
8.550855085508552,0.39217318343764873
8.551855185518551,0.505971685652923
8.552855285528553,0.7562943237086253
8.553855385538554,0.6488691486650865
8.554855485548554,0.8324023436696484
8.555855585558556,0.6765214863519337
8.556855685568557,0.5662347270911816
8.557855785578559,1.0628384524229748
8.558855885588558,0.6108509313571743
8.55985598559856,0.8586834932416418
8.560856085608561,0.5422923304359061
8.561856185618561,0.7609042876784277
8.562856285628563,0.801037220557605
8.563856385638564,0.6535817857742967
8.564856485648566,0.1374358450721036
8.565856585658565,0.6084318236401756
8.566856685668567,0.8473222355343507
8.567856785678568,0.703175408368174
8.568856885688568,0.6832962823216968
8.56985698569857,0.24612676404637218
8.570857085708571,0.44293728647412545
8.571857185718573,0.6657506108196208
8.572857285728572,0.6620072859695638
8.573857385738574,0.8193164223667779
8.574857485748575,0.5438631682302285
8.575857585758575,0.6504559340091103
8.576857685768577,0.5690218340886828
8.577857785778578,0.36481570596884905
8.57885788578858,0.10750477988381191
8.57985798579858,0.6413254291550361
8.58085808580858,0.5863751551486749
8.581858185818582,0.4244148319994447
8.582858285828584,0.22068138617349725
8.583858385838584,0.6669322131839782
8.584858485848585,0.48427088949343144
8.585858585858587,0.6453028492444085
8.586858685868586,0.9032131426641457
8.587858785878588,0.09859544842306628
8.58885888588859,0.38344243121893157
8.58985898589859,0.47797134355606724
8.59085908590859,0.8072986030543902
8.591859185918592,0.18554281883526802
8.592859285928593,0.8964889581378626
8.593859385938593,0.5329846626690412
8.594859485948595,0.48311360126856007
8.595859585958596,0.459205676729753
8.596859685968598,0.40807268549906484
8.597859785978597,0.7014601951650744
8.598859885988599,0.274648254398548
8.5998599859986,0.5539549353850037
8.6008600860086,0.40455971279515446
8.601860186018602,0.3254976769419008
8.602860286028603,0.9916522167884698
8.603860386038605,0.554804758056458
8.604860486048604,0.5901898837600359
8.605860586058606,0.6916391484401199
8.606860686068607,0.17636579362937105
8.607860786078607,0.8076512466220613
8.608860886088609,-0.04803627861570614
8.60986098609861,0.2965694956542897
8.610861086108612,0.3550895096538939
8.611861186118611,0.5598191473557355
8.612861286128613,0.4838024381361081
8.613861386138614,0.4032859444484789
8.614861486148614,0.430845444762441
8.615861586158616,0.234242359408844
8.616861686168617,0.12700868048967667
8.617861786178619,0.5683719391084652
8.618861886188618,0.5584316671256763
8.61986198619862,0.7332166386928183
8.620862086208621,0.25494826634843626
8.621862186218621,0.548155366363671
8.622862286228623,0.3494984468883116
8.623862386238624,0.6409892002318938
8.624862486248626,0.6039482238234797
8.625862586258625,0.4384661801544012
8.626862686268627,0.3249941787605702
8.627862786278628,0.5817699445648914
8.628862886288628,0.5156552117744858
8.62986298629863,0.24608463463986643
8.630863086308631,0.11411910762673155
8.631863186318633,0.3186862180106899
8.632863286328632,0.6761974543728517
8.633863386338634,0.5991420618517889
8.634863486348635,0.14411722847000216
8.635863586358635,0.12977759240405903
8.636863686368637,0.6150205664935904
8.637863786378638,0.12971981081084882
8.63886388638864,0.45547783188440727
8.63986398639864,0.22718498514541013
8.64086408640864,0.6705974648232826
8.641864186418642,0.18990166694205798
8.642864286428644,0.5694660788050118
8.643864386438644,0.3745817522130439
8.644864486448645,0.3848744465235806
8.645864586458647,-0.06279147819105452
8.646864686468646,-0.11246826005606891
8.647864786478648,0.28085490660199014
8.64886488648865,0.37121260391562133
8.64986498649865,0.09366483518688984
8.65086508650865,0.09784854095852977
8.651865186518652,0.4247744835168449
8.652865286528653,0.42195359914611946
8.653865386538653,0.27874734577407595
8.654865486548655,0.4592589639264871
8.655865586558656,0.06531152662470616
8.656865686568658,0.22590876932468618
8.657865786578657,0.6236255378652595
8.658865886588659,0.3046792991988213
8.65986598659866,0.31325292014932693
8.66086608660866,0.7461660603846256
8.661866186618662,0.0021055117708539406
8.662866286628663,0.4382681890907813
8.663866386638665,0.6087986043258354
8.664866486648664,0.2080601495769742
8.665866586658666,0.44199952422047467
8.666866686668667,0.07072243580612492
8.667866786678667,0.12684425133775573
8.668866886688669,0.3382599254551576
8.66986698669867,0.41806749444695934
8.670867086708672,0.4796406742661022
8.671867186718671,0.5664900835090549
8.672867286728673,0.23619791851446872
8.673867386738674,0.485544401917294
8.674867486748674,0.17550794557802085
8.675867586758676,0.4215461682601377
8.676867686768677,0.279796870422684
8.677867786778679,0.3246181947398874
8.678867886788678,0.31738007186478656
8.67986798679868,-0.0910541568177976
8.680868086808681,0.00228336824626027
8.681868186818681,0.2448495514735117
8.682868286828683,-0.11586831912601575
8.683868386838684,0.38508874108388536
8.684868486848686,0.39042960760201406
8.685868586858685,0.27883736834591194
8.686868686868687,-0.013525673208173217
8.687868786878688,0.48403989481091775
8.688868886888688,0.6127783961184432
8.68986898689869,0.2320890549149823
8.690869086908691,0.30213152249429354
8.691869186918693,0.23773634662398369
8.692869286928692,0.30084010850186765
8.693869386938694,0.16824573462123693
8.694869486948695,0.18264948679355605
8.695869586958695,0.3681244099446826
8.696869686968697,0.6535380555990981
8.697869786978698,-0.09815484064309354
8.6988698869887,0.15855701269223846
8.6998699869987,-0.05929849382278063
8.7008700870087,0.4926867362214434
8.701870187018702,0.054236444190423436
8.702870287028704,-0.11933964294022886
8.703870387038704,0.29446865682503764
8.704870487048705,0.513238551290301
8.705870587058707,0.2946553692686965
8.706870687068706,0.20046929934316643
8.707870787078708,0.23892636237870707
8.70887088708871,0.4376693537251648
8.70987098709871,-0.022520937012895426
8.71087108710871,0.12758190688764323
8.711871187118712,0.05706048529108303
8.712871287128714,-0.08831252162175668
8.713871387138713,0.07726241062724237
8.714871487148715,0.36217356177709137
8.715871587158716,0.25165666857954233
8.716871687168718,0.2649203096349395
8.717871787178717,0.16309043447503555
8.718871887188719,0.2362123597504177
8.71987198719872,-0.03080292968284551
8.72087208720872,0.06519599697799147
8.721872187218722,0.1632970112799842
8.722872287228723,0.17821293356036344
8.723872387238725,0.18457639194545
8.724872487248724,0.09071633739282756
8.725872587258726,0.04075885171429253
8.726872687268727,0.7456735429252843
8.727872787278727,0.2933681617032462
8.728872887288729,0.19254733899290977
8.72987298729873,0.06119904546023785
8.730873087308732,0.015535693619540603
8.731873187318731,0.0775739140362507
8.732873287328733,0.16027028166115456
8.733873387338734,-0.2763961635331518
8.734873487348734,-0.2161845442405701
8.735873587358736,-0.03166463187344279
8.736873687368737,0.1351742894399218
8.737873787378739,0.043942456736320856
8.738873887388738,0.38548818546138314
8.73987398739874,-0.2085323517549198
8.740874087408741,-0.06422277095503462
8.741874187418741,0.3881802802487793
8.742874287428743,0.10851773693214728
8.743874387438744,0.25741069771616226
8.744874487448746,0.48885628578318335
8.745874587458745,-0.06197282680995278
8.746874687468747,0.05512282862431597
8.747874787478748,0.01871447053302095
8.748874887488748,-0.3194880459149754
8.74987498749875,0.007598482069112442
8.750875087508751,0.24415418480905673
8.751875187518753,0.1743402092269825
8.752875287528752,0.18833616888442709
8.753875387538754,-0.012268315530224783
8.754875487548755,-0.07005527948039339
8.755875587558755,0.31336276008477004
8.756875687568757,-0.04158754614687389
8.757875787578758,0.11507337555696878
8.75887588758876,0.0873218429247204
8.75987598759876,0.3454131296560768
8.76087608760876,0.24578392373037675
8.761876187618762,-0.2091016151754106
8.762876287628764,-0.18909491262536185
8.763876387638764,0.16268027440680094
8.764876487648765,0.03253037219778465
8.765876587658767,-0.04711984165013805
8.766876687668766,0.24557374900528914
8.767876787678768,0.0784907695446207
8.76887688768877,0.050058174779234674
8.76987698769877,0.19411733192393327
8.77087708770877,-0.038268168760357255
8.771877187718772,0.3490765910928729
8.772877287728774,-0.123600413088791
8.773877387738773,0.16404841189440533
8.774877487748775,0.3180998378988301
8.775877587758776,-0.24543795746501662
8.776877687768778,-0.03994081242252247
8.777877787778777,0.25589000851976085
8.778877887788779,0.2576369834659388
8.77987798779878,-0.009354254205487529
8.78087808780878,-0.12321530249537113
8.781878187818782,0.21369739917716007
8.782878287828783,0.25802865073750875
8.783878387838785,-0.2127879587470975
8.784878487848784,-0.22179484544534375
8.785878587858786,0.06289969348005806
8.786878687868787,0.14259826178274188
8.787878787878787,-0.04419259347021272
8.788878887888789,0.1503923909556906
8.78987898789879,-0.12856397242766515
8.790879087908792,-0.41052832735052963
8.791879187918791,-0.07340545473248943
8.792879287928793,0.023002881509300258
8.793879387938794,-0.045812521382862154
8.794879487948794,-0.223348837856556
8.795879587958796,-0.35572431090148166
8.796879687968797,-0.09636128358956142
8.797879787978799,0.18505594598623434
8.798879887988798,0.2558499122876428
8.7998799879988,0.2412560486346586
8.800880088008801,-0.16034827762569567
8.801880188018801,-0.22877007272281125
8.802880288028803,0.10045297667485105
8.803880388038804,0.1273182100928423
8.804880488048806,0.07952156793848403
8.805880588058805,-0.40411829191037996
8.806880688068807,-0.17545856993182457
8.807880788078808,-0.008778168406715615
8.808880888088808,0.09386171938434201
8.80988098809881,0.14915528096967623
8.810881088108811,0.023837466338889703
8.811881188118813,0.060453689604890226
8.812881288128812,0.010597386186190164
8.813881388138814,0.13009272147991402
8.814881488148815,0.05490370035046663
8.815881588158815,0.004856981446354514
8.816881688168817,-0.06256829107455222
8.817881788178818,0.006776896261669087
8.81888188818882,0.08686713525002168
8.81988198819882,0.04289127305758398
8.82088208820882,0.06502588344311946
8.821882188218822,0.2568864256714881
8.822882288228824,0.040873320438848226
8.823882388238824,-0.142443677824507
8.824882488248825,0.16360986007625855
8.825882588258827,-0.2868017241827596
8.826882688268826,-0.23027835151007253
8.827882788278828,0.0527570759379241
8.82888288828883,0.08846714754437811
8.82988298829883,-0.2642053722022739
8.83088308830883,-0.09212472347197295
8.831883188318832,-0.13712727826124266
8.832883288328834,-0.11357827287052158
8.833883388338833,0.17216081070714534
8.834883488348835,0.12444334361509016
8.835883588358836,-0.020964487095843552
8.836883688368838,-0.1265980659232751
8.837883788378837,-0.2875846017926572
8.838883888388839,0.26614994369193246
8.83988398839884,0.10031993875167848
8.84088408840884,-0.15963591280403847
8.841884188418842,0.125435070231794
8.842884288428843,-0.032695811163600486
8.843884388438845,-0.07622280071347232
8.844884488448844,0.06810800315219309
8.845884588458846,-0.1673509811087728
8.846884688468847,-0.08790332593306609
8.847884788478847,0.0050558005487448265
8.848884888488849,-0.11919477819435369
8.84988498849885,0.11446059969630143
8.850885088508852,0.35442114124290347
8.851885188518851,-0.17027135715867656
8.852885288528853,-0.3524402552933815
8.853885388538854,-0.41975063004152197
8.854885488548854,-0.0494676019676788
8.855885588558856,-0.15196228753528082
8.856885688568857,0.02230327341591668
8.857885788578859,0.007327145533079685
8.858885888588858,-0.3397434690088388
8.85988598859886,-0.3819687696953671
8.860886088608861,0.04031850169307449
8.861886188618861,0.008357193760213634
8.862886288628863,-0.10373693026052751
8.863886388638864,-0.34983118257366624
8.864886488648866,0.07606222693614667
8.865886588658865,0.23636585014637695
8.866886688668867,0.03779987380370304
8.867886788678868,-0.18705851894577666
8.868886888688868,-0.008405055492555377
8.86988698869887,-0.2902747242153345
8.870887088708871,0.19481909263027955
8.871887188718873,-0.00011009963625445082
8.872887288728872,-0.3698010917681226
8.873887388738874,-0.07598020358968902
8.874887488748875,0.07715441595744393
8.875887588758875,-0.08176095123056593
8.876887688768877,-0.06996115303217734
8.877887788778878,-0.25927812757877355
8.87888788878888,0.09930968260611507
8.87988798879888,-0.14327839071170587
8.88088808880888,-0.4444449258425968
8.881888188818882,-0.08696394525936967
8.882888288828884,0.18397547271009676
8.883888388838884,-0.08916779577002944
8.884888488848885,0.336302159065068
8.885888588858887,0.07500026556070802
8.886888688868886,0.05747420770536306
8.887888788878888,-0.03542685319354211
8.88888888888889,-0.022859952233926444
8.88988898889889,-0.061328745047023285
8.89088908890889,-0.06852506221328986
8.891889188918892,0.09868916215324001
8.892889288928894,-0.19404958612327028
8.893889388938893,-0.22144722249820095
8.894889488948895,-0.2302786939274628
8.895889588958896,0.4041338241634703
8.896889688968898,0.10172785403421687
8.897889788978897,0.05722776863777094
8.898889888988899,-0.2144899212580154
8.8998899889989,0.12237872123327415
8.9008900890089,-0.02489326265687366
8.901890189018902,0.041978970614354065
8.902890289028903,-0.19544134228511204
8.903890389038905,0.032687325692562934
8.904890489048904,-0.08336909365856628
8.905890589058906,-0.15094740000901719
8.906890689068907,0.14978640436383264
8.907890789078907,-0.3037730999904752
8.908890889088909,0.11753998768636291
8.90989098909891,0.14231111269862265
8.910891089108912,-0.1696728908608949
8.911891189118911,-0.15695515399570245
8.912891289128913,-0.03662724011052623
8.913891389138914,0.06526508787948196
8.914891489148914,-0.020820683801799005
8.915891589158916,0.09736772150046924
8.916891689168917,0.36416844759914224
8.917891789178919,-0.08904125017023777
8.918891889188918,-0.3295920791517216
8.91989198919892,0.17958259312543912
8.920892089208921,0.3520268284975666
8.921892189218921,0.09489562266460173
8.922892289228923,-0.20021782400711308
8.923892389238924,-0.00644475235530282
8.924892489248926,-0.20435739551265192
8.925892589258925,0.1489436762043923
8.926892689268927,-0.24884860911935214
8.927892789278928,-0.037567851475850775
8.928892889288928,-0.17734976224733923
8.92989298929893,0.049954021664796205
8.930893089308931,-0.04759666314045051
8.931893189318933,0.06211790779784335
8.932893289328932,0.03234056107632509
8.933893389338934,-0.16834532390948753
8.934893489348935,0.15548891473668805
8.935893589358935,0.021498300815659288
8.936893689368937,-0.16530561287014828
8.937893789378938,0.4817450051332711
8.93889388938894,0.1300158991019892
8.93989398939894,0.005258512336224305
8.94089408940894,0.3201427894300195
8.941894189418942,0.4066666889974363
8.942894289428944,0.010445705506053352
8.943894389438944,0.11021736750925504
8.944894489448945,-0.15563023840375423
8.945894589458947,0.013774321789564992
8.946894689468946,0.00465291649919241
8.947894789478948,0.08269331437881366
8.94889488948895,0.11355232516264543
8.94989498949895,0.16024799839434853
8.95089508950895,0.09710259228810905
8.951895189518952,-0.19127312313671163
8.952895289528954,-0.1355071737134399
8.953895389538953,-0.055775012032612856
8.954895489548955,-0.0016120080476876714
8.955895589558956,0.26632981561298763
8.956895689568958,-0.1750648295261232
8.957895789578957,-0.012602954088988198
8.958895889588959,0.2508480342897121
8.95989598959896,0.00164562407715578
8.96089608960896,0.15508805213450558
8.961896189618962,0.036489049071836435
8.962896289628963,0.11715529017281924
8.963896389638965,0.021513869632019178
8.964896489648964,0.20203968416227916
8.965896589658966,-0.23895809637509563
8.966896689668967,-0.0011743242507316481
8.967896789678967,0.1322457143209686
8.968896889688969,0.18112145161960963
8.96989698969897,0.3744321831817978
8.970897089708972,-0.0008960726044833639
8.971897189718971,0.37468027260999304
8.972897289728973,-0.05153801662374728
8.973897389738974,0.34748654002601376
8.974897489748974,0.24674878401411804
8.975897589758976,-0.09793075305880224
8.976897689768977,0.14768182891666806
8.977897789778979,0.07754715842071594
8.978897889788978,0.21443882473385883
8.97989798979898,0.04620231604020947
8.980898089808981,0.03094917432589918
8.981898189818981,0.3677660903990814
8.982898289828983,0.07575862856536976
8.983898389838984,0.2623496956075557
8.984898489848986,0.05356405717774224
8.985898589858985,0.43354273988196057
8.986898689868987,-0.03387458328978438
8.987898789878988,-0.01944767824626395
8.988898889888988,0.4098794906715932
8.98989898989899,0.01758805381356769
8.990899089908991,0.4283996318983012
8.991899189918993,0.28816639637030655
8.992899289928992,0.0804878299824483
8.993899389938994,-0.24961554129940058
8.994899489948995,0.11081067490340749
8.995899589958995,0.13663723981491607
8.996899689968997,0.3513972896477251
8.997899789978998,0.4372912224569618
8.998899889989,-0.015742164250255847
8.999899989999,0.28315045869064537
9.000900090009,0.2776586311509901
9.001900190019002,0.34093000402545737
9.002900290029004,0.2276597889121505
9.003900390039004,-0.25889839959939476
9.004900490049005,0.10020088319872923
9.005900590059007,-0.09816710530490688
9.006900690069006,0.09414701381851723
9.007900790079008,0.3323674030205042
9.00890089008901,0.1990996489833911
9.00990099009901,0.36939502972221017
9.01090109010901,0.20983937388218463
9.011901190119012,-0.11646059614139137
9.012901290129014,-0.3592446285636518
9.013901390139013,0.17641079516079203
9.014901490149015,0.10559201901916457
9.015901590159016,-0.045279656386928074
9.016901690169018,-0.18827995908563414
9.017901790179017,0.006636578159402412
9.018901890189019,0.11643029512742792
9.01990199019902,0.29025107999700916
9.02090209020902,0.19655211739879552
9.021902190219022,0.4821931098866823
9.022902290229023,-0.04478410688641049
9.023902390239025,0.3403087221818728
9.024902490249024,0.1753200386067247
9.025902590259026,0.30656047908062
9.026902690269027,0.08209297536887417
9.027902790279027,0.385504157604176
9.028902890289029,0.23198792201864077
9.02990299029903,0.03883152542471746
9.030903090309032,0.17409584517493906
9.031903190319031,0.13037209630998783
9.032903290329033,0.2779039562041779
9.033903390339034,-0.05409973257731676
9.034903490349034,0.17777483389760065
9.035903590359036,0.26449832039900184
9.036903690369037,0.19383527827153782
9.037903790379039,0.45841457715172096
9.038903890389038,0.3456284722442415
9.03990399039904,0.1911271383716519
9.040904090409041,0.2377622022463826
9.041904190419041,0.2553601966007317
9.042904290429043,0.2786912432127685
9.043904390439044,-0.1652945939753016
9.044904490449046,0.14133878987350795
9.045904590459045,-0.09343544505439266
9.046904690469047,0.4609180681275204
9.047904790479048,0.19490259020402254
9.048904890489048,0.17021594059891454
9.04990499049905,0.3900561695012585
9.050905090509051,0.29697508707121617
9.051905190519053,-0.011402582950465895
9.052905290529052,0.20195812378982572
9.053905390539054,0.15092127845594394
9.054905490549055,-0.12913591072169386
9.055905590559055,0.08353184824954826
9.056905690569057,0.1866958095518237
9.057905790579058,0.20223073529586655
9.05890589058906,-0.06940812923769837
9.05990599059906,0.45918861022586555
9.06090609060906,0.21025224239386614
9.061906190619062,0.240000770994875
9.062906290629064,0.314435644533514
9.063906390639064,0.07850900606092012
9.064906490649065,0.3292120895666768
9.065906590659067,0.16634222159837514
9.066906690669066,0.06225583623487668
9.067906790679068,0.35807769453523475
9.06890689068907,0.5435375976030735
9.06990699069907,0.39198262984641097
9.07090709070907,0.4334254179731468
9.071907190719072,0.14651607539504008
9.072907290729074,-0.0670703935998504
9.073907390739073,0.5522913980652087
9.074907490749075,0.6669761212715872
9.075907590759076,0.5664425790045438
9.076907690769078,0.19253087154529946
9.077907790779078,0.030566704372234632
9.078907890789079,0.05016114681557149
9.07990799079908,-0.07164618725154798
9.08090809080908,0.24542569260762398
9.081908190819082,0.5898364729018926
9.082908290829083,0.24216612009312527
9.083908390839085,0.3327592174767477
9.084908490849084,0.5492081729013527
9.085908590859086,0.19506193830719532
9.086908690869087,0.6847775173292592
9.087908790879087,0.6778782645303005
9.088908890889089,0.2550231315094365
9.08990899089909,0.16752234964482557
9.090909090909092,0.4242583301247041
9.091909190919091,0.21708489453289964
9.092909290929093,0.05705557459681301
9.093909390939094,0.5463885858613606
9.094909490949094,0.5352020017220727
9.095909590959096,0.32478387628787575
9.096909690969097,0.042874928819929825
9.097909790979099,0.05130617712912941
9.098909890989098,0.3204179880696821
9.0999099909991,0.2007557135520236
9.100910091009101,0.23426614341501423
9.101910191019101,0.5086291222627107
9.102910291029103,0.45262100128163696
9.103910391039104,0.5833591391353148
9.104910491049106,0.11134817627893273
9.105910591059105,0.2425734122408718
9.106910691069107,0.46474359206543486
9.107910791079108,0.4042950054526052
9.108910891089108,0.6228839910826778
9.10991099109911,0.4022402623068324
9.110911091109111,0.6894761144141236
9.111911191119113,0.4295755294273616
9.112911291129112,0.5357193746887118
9.113911391139114,0.26029299053884275
9.114911491149115,0.3295596341368969
9.115911591159115,0.510593340503114
9.116911691169117,0.6526983573817956
9.117911791179118,0.4776443121220295
9.11891189118912,0.31685264273090474
9.11991199119912,0.6106398946146765
9.12091209120912,-0.10154119286834606
9.121912191219122,0.05408498769151271
9.122912291229124,0.4765317245853645
9.123912391239124,0.3446951280319699
9.124912491249125,0.4646402923170973
9.125912591259127,0.3580786440769518
9.126912691269126,0.46104127250146737
9.127912791279128,0.18562192466939384
9.12891289128913,0.46424536797736204
9.12991299129913,0.5506719707172343
9.13091309130913,0.5975352989204951
9.131913191319132,0.7577672957010742
9.132913291329134,0.40550247703515935
9.133913391339133,0.4130863980572478
9.134913491349135,0.05528606937767738
9.135913591359136,0.25524960158315985
9.136913691369138,0.32452167410680055
9.137913791379138,0.5748030439098251
9.138913891389139,0.24413474110990505
9.13991399139914,0.5271935412850464
9.14091409140914,0.3691864558233951
9.141914191419142,0.33565708062044763
9.142914291429143,0.4224439970532494
9.143914391439145,0.2960029766627007
9.144914491449144,0.28999035137281354
9.145914591459146,0.03639862593313936
9.146914691469147,0.32931738272186356
9.147914791479147,0.2844613783715553
9.148914891489149,0.27879991533239085
9.14991499149915,0.46690610992788956
9.150915091509152,0.5167875077543177
9.151915191519151,0.4330238310155797
9.152915291529153,0.5871859322542343
9.153915391539154,0.5047273532333709
9.154915491549154,0.3321098730336802
9.155915591559156,0.30005002556397387
9.156915691569157,0.45667989087961425
9.157915791579159,0.5103569763207266
9.158915891589158,0.6766544380089677
9.15991599159916,0.636796081322527
9.160916091609161,0.2917366028250673
9.161916191619161,0.38109347911472574
9.162916291629163,0.5371555900930339
9.163916391639164,0.6180026059540181
9.164916491649166,0.5936416574625181
9.165916591659165,0.3945105681411129
9.166916691669167,0.1579135988520166
9.167916791679168,0.21035643898095163
9.168916891689168,0.46608955944661024
9.16991699169917,0.48142064006093926
9.170917091709171,0.19464581068692433
9.171917191719173,0.4246952313020334
9.172917291729172,0.5434192363555493
9.173917391739174,0.18831549150430205
9.174917491749175,0.640940094327569
9.175917591759175,0.3458075994300836
9.176917691769177,0.6742029429353005
9.177917791779178,0.31734961112459253
9.17891789178918,0.22006804521610437
9.17991799179918,0.33511202065573553
9.18091809180918,0.4090492804163788
9.181918191819182,0.35171559451550816
9.182918291829184,0.3875371222727118
9.183918391839184,0.49884940316564375
9.184918491849185,0.39913257848311684
9.185918591859187,0.4214511426744376
9.186918691869186,0.09412657829761867
9.187918791879188,0.5156027441043649
9.18891889188919,0.42070678925910304
9.18991899189919,0.7618833575612525
9.19091909190919,0.2531820256956768
9.191919191919192,0.08069925698737895
9.192919291929194,0.5672282323201004
9.193919391939193,0.5141690773994722
9.194919491949195,0.2444191218428307
9.195919591959196,0.14139088242713949
9.196919691969198,0.7560478461719908
9.197919791979198,0.7326112683581261
9.198919891989199,-0.04648862263723269
9.1999199919992,0.360564496461844
9.2009200920092,0.7862467071028232
9.201920192019202,0.35938778593463705
9.202920292029203,0.35766264703370826
9.203920392039205,0.4004108077660883
9.204920492049204,0.2339536298009263
9.205920592059206,0.11834098809303961
9.206920692069207,0.6709614625092895
9.207920792079207,0.09301322410050267
9.208920892089209,0.5121962334541961
9.20992099209921,0.6411919036980286
9.210921092109212,0.17475752425505853
9.211921192119211,0.2812685921289314
9.212921292129213,0.7098703022178088
9.213921392139214,0.5749176979160497
9.214921492149214,0.3459797940318231
9.215921592159216,0.710977005194048
9.216921692169217,0.7129173018805263
9.217921792179219,0.5264963285953139
9.218921892189218,0.2937220545398993
9.21992199219922,0.39212534465187643
9.220922092209221,0.5331460928707205
9.221922192219221,0.439196109481042
9.222922292229223,0.6657455142841195
9.223922392239224,0.17303093823783716
9.224922492249226,0.1811573971666655
9.225922592259225,0.5172013484968393
9.226922692269227,0.38372794316248526
9.227922792279228,0.3576294818133573
9.228922892289228,0.13042292205396078
9.22992299229923,0.488931182090885
9.230923092309231,0.4754514292770103
9.231923192319233,0.6176713805106316
9.232923292329232,0.5017226450743488
9.233923392339234,0.4623791444032356
9.234923492349235,0.7252513430605585
9.235923592359235,0.22830173208577692
9.236923692369237,0.5990097430039716
9.237923792379238,0.1584319106757176
9.23892389238924,0.3259111591219662
9.23992399239924,0.2519670569066772
9.24092409240924,0.6517947059757989
9.241924192419242,0.48322464567527734
9.242924292429244,0.49449932653545375
9.243924392439244,0.27673946259917676
9.244924492449245,0.4390262599449003
9.245924592459247,0.34714362499777407
9.246924692469246,0.5773922565275459
9.247924792479248,0.30334045016342615
9.24892489248925,0.7683678447050335
9.24992499249925,0.1681360624969337
9.25092509250925,0.34278426914943394
9.251925192519252,0.8403573400261507
9.252925292529254,0.4187114272904827
9.253925392539253,0.24357833716548383
9.254925492549255,0.5511762484562867
9.255925592559256,0.41308434514059666
9.256925692569258,0.3417826113869073
9.257925792579258,0.29056940069501036
9.258925892589259,1.064198236429267
9.25992599259926,0.46098616107125323
9.26092609260926,0.1269491900095382
9.261926192619262,0.8115638523767014
9.262926292629263,0.6357884605523306
9.263926392639265,0.3610265362142038
9.264926492649264,0.32843473553300995
9.265926592659266,0.6504850558996778
9.266926692669267,0.46713201224410655
9.267926792679267,0.13203855848050172
9.268926892689269,0.8753938490939137
9.26992699269927,0.43185281407454196
9.270927092709272,0.8184636478065923
9.271927192719271,0.7757280575884862
9.272927292729273,0.3205243224589708
9.273927392739274,0.7280427983801134
9.274927492749274,0.3917883679278583
9.275927592759276,0.14940230115390385
9.276927692769277,0.4384818446533867
9.277927792779279,0.6035815873192529
9.278927892789278,0.4321529477917502
9.27992799279928,0.46393041303308274
9.280928092809281,0.7546867400293351
9.281928192819281,0.5478994560407348
9.282928292829283,0.35856183940800546
9.283928392839284,0.6682421549655203
9.284928492849286,0.5679795737259515
9.285928592859285,0.024725686840065375
9.286928692869287,0.6153132690414578
9.287928792879288,0.6085983555075435
9.288928892889288,0.5348406927448446
9.28992899289929,0.7097343982558983
9.290929092909291,0.3974873803951654
9.291929192919293,0.5998319083963157
9.292929292929292,0.21970000656069677
9.293929392939294,0.6150640035500068
9.294929492949295,0.9248060675757745
9.295929592959295,0.33576525518181655
9.296929692969297,0.38331273266206844
9.297929792979298,0.3938009810846711
9.2989298929893,0.5623289441607022
9.2999299929993,0.3242416344859414
9.3009300930093,0.6216123580219216
9.301930193019302,0.7072393106912813
9.302930293029304,0.6452436930657528
9.303930393039304,0.18518862732413632
9.304930493049305,0.7383972851501025
9.305930593059307,0.7273238969685856
9.306930693069306,0.7063640181116537
9.307930793079308,0.615376236061639
9.30893089308931,0.5853164511047579
9.30993099309931,0.748222075589146
9.31093109310931,0.9269073539102397
9.311931193119312,0.3520519242602961
9.312931293129314,0.7587354045771046
9.313931393139313,0.5263122104933206
9.314931493149315,0.5180613692323821
9.315931593159316,0.2371252850674862
9.316931693169318,0.48790412822274365
9.317931793179318,0.34583479891830393
9.318931893189319,0.45293792874047506
9.31993199319932,0.32648785650633916
9.32093209320932,0.4567551200618964
9.321932193219322,0.4657217875772788
9.322932293229323,0.5666973532725482
9.323932393239325,0.2247944092194349
9.324932493249324,0.2590343184472151
9.325932593259326,0.620909975809603
9.326932693269328,0.38942433277220734
9.327932793279327,0.764198463497726
9.328932893289329,0.5947227681271993
9.32993299329933,0.6713933956823238
9.330933093309332,0.83254745029369
9.331933193319331,0.4888307784416754
9.332933293329333,0.4362355440741481
9.333933393339334,0.7258293924873566
9.334933493349334,0.6537436806696157
9.335933593359336,0.5147231575430941
9.336933693369337,0.8308252807794145
9.337933793379339,0.5104255670521
9.338933893389338,0.5597662297483318
9.33993399339934,0.5577894953772935
9.340934093409341,0.36695609746408164
9.341934193419341,0.5697183726674833
9.342934293429343,0.8338763148277917
9.343934393439344,0.6438375527325717
9.344934493449346,0.5613728707752653
9.345934593459345,0.5231197707407411
9.346934693469347,0.6219564801950849
9.347934793479348,0.706043114540443
9.348934893489348,0.6782411971676171
9.34993499349935,0.49032108991821916
9.350935093509351,0.6219480631653017
9.351935193519353,0.6532744873134088
9.352935293529352,0.3561395111970285
9.353935393539354,0.5915138239166878
9.354935493549355,0.12589344551477666
9.355935593559355,0.654944834985723
9.356935693569357,0.6907880006345445
9.357935793579358,0.7085074016035658
9.35893589358936,0.4802651465918866
9.35993599359936,0.6213578425548494
9.36093609360936,0.8446108854705268
9.361936193619362,0.8428434337138369
9.362936293629364,0.5545221636231943
9.363936393639364,0.5884857058269884
9.364936493649365,0.7830670269574734
9.365936593659367,0.260985420954962
9.366936693669366,0.4967897749153472
9.367936793679368,0.8287762534519354
9.36893689368937,0.7569577152502363
9.36993699369937,0.6360240791274319
9.37093709370937,0.2612568979835588
9.371937193719372,0.5526917935220503
9.372937293729374,0.444939694653014
9.373937393739373,0.6293780281942011
9.374937493749375,0.40154699181237274
9.375937593759376,0.35851640597819134
9.376937693769378,0.15093152853392344
9.377937793779378,0.8085078310758099
9.378937893789379,0.4844339809080322
9.37993799379938,0.5960573765269922
9.38093809380938,0.5644197490913149
9.381938193819382,0.35161882310419834
9.382938293829383,0.31353001828805116
9.383938393839385,0.36451658884734894
9.384938493849384,0.4211818315055217
9.385938593859386,0.6393720349689556
9.386938693869388,0.4071419496842321
9.387938793879387,0.9158178056520201
9.388938893889389,0.7721836533078956
9.38993899389939,0.7286587625680097
9.390939093909392,0.5432881883379924
9.391939193919391,0.8703090119696093
9.392939293929393,0.5240844846080638
9.393939393939394,0.5616659943521686
9.394939493949394,0.6021458422644415
9.395939593959396,0.7087482608748739
9.396939693969397,0.6959981189755049
9.397939793979399,0.4738245005821479
9.398939893989398,0.462484138988666
9.3999399939994,0.6972971453171672
9.400940094009401,0.7125979570712433
9.401940194019401,0.4911149881865039
9.402940294029403,0.25258272965449446
9.403940394039404,0.5287928836040383
9.404940494049406,0.6951977218197364
9.405940594059405,0.9318131619348239
9.406940694069407,0.33137627349306
9.407940794079408,0.48589260283395586
9.408940894089408,0.49356611412036355
9.40994099409941,0.8428489244203814
9.410941094109411,0.5649417151653023
9.411941194119413,0.3907080622805671
9.412941294129412,0.6841570613982733
9.413941394139414,0.49173627483189364
9.414941494149415,0.32803391318429403
9.415941594159415,0.39460558203981744
9.416941694169417,0.9202190682826055
9.417941794179418,0.6505045855375896
9.41894189418942,0.5954685176547527
9.41994199419942,0.5241932979386643
9.42094209420942,0.6328591968637348
9.421942194219422,0.6307359173870926
9.422942294229424,0.6333837815672778
9.423942394239424,0.5981823812727202
9.424942494249425,0.7492385092514016
9.425942594259427,0.580367391740401
9.426942694269426,0.3804287104124904
9.427942794279428,0.4538041997706691
9.42894289428943,0.18075975648973286
9.42994299429943,0.9822041237530484
9.43094309430943,0.7496713836656457
9.431943194319432,0.41138876154495874
9.432943294329434,0.5213189876770933
9.433943394339433,0.4506005324445734
9.434943494349435,0.8867759830114734
9.435943594359436,0.29458473595210033
9.436943694369438,0.6017519940709833
9.437943794379438,0.557450883449395
9.438943894389439,0.7448269745423055
9.43994399439944,0.5589633966067598
9.44094409440944,0.22843272831179334
9.441944194419442,0.5301635362646085
9.442944294429443,0.3862706674204082
9.443944394439445,0.5969385064919429
9.444944494449445,0.868181038980214
9.445944594459446,0.23378723549155678
9.446944694469448,0.42195807779810657
9.447944794479447,0.4717981321164976
9.448944894489449,0.5063484286779504
9.44994499449945,0.7310416016544703
9.450945094509452,0.5486533717239671
9.451945194519451,0.6668726211045923
9.452945294529453,0.4589113910936763
9.453945394539454,0.6304089646301647
9.454945494549454,0.7403459577608308
9.455945594559456,0.43869316634284466
9.456945694569457,0.7417957217813718
9.457945794579459,0.5963741178987866
9.458945894589458,0.7953715911804426
9.45994599459946,0.546380122202069
9.460946094609461,0.663302239997995
9.461946194619461,0.5793259842067604
9.462946294629463,0.568603481551982
9.463946394639464,0.640035571668967
9.464946494649466,0.6960194471730077
9.465946594659465,0.33915841986688483
9.466946694669467,0.8762166207175985
9.467946794679468,0.21798090126015185
9.468946894689468,0.4533798772587696
9.46994699469947,0.571922519784078
9.470947094709471,0.6736868726153646
9.471947194719473,0.9068949043332024
9.472947294729472,0.2204522610014637
9.473947394739474,0.49102739720395006
9.474947494749475,0.1676607581758941
9.475947594759475,0.5998187159759697
9.476947694769477,0.6483035998792945
9.477947794779478,0.9126043529817393
9.47894789478948,0.6190563012613398
9.47994799479948,0.8042244053816378
9.48094809480948,0.7126827747153076
9.481948194819482,0.509367708768903
9.482948294829484,0.3151332614780163
9.483948394839484,0.6524400678287435
9.484948494849485,0.29953959820945203
9.485948594859487,0.8575280669406484
9.486948694869486,0.5666072009285068
9.487948794879488,0.8385944512800418
9.48894889488949,0.5040618687444672
9.48994899489949,0.6544271983169097
9.49094909490949,0.6430856564418665
9.491949194919492,0.5927725230578499
9.492949294929494,0.5158215823576611
9.493949394939493,0.6814235624112951
9.494949494949495,0.41828537327791127
9.495949594959496,0.3622234789496176
9.496949694969498,0.8532753512700236
9.497949794979498,0.7507499645800135
9.498949894989499,0.6191081059366366
9.4999499949995,0.9395787578837705
9.5009500950095,0.5536248106984041
9.501950195019502,0.8723533832192147
9.502950295029503,0.6435696281254101
9.503950395039505,0.40415403524276705
9.504950495049505,0.9793689546104427
9.505950595059506,0.8085672277606348
9.506950695069508,0.5868924595112691
9.507950795079507,0.7572100435235167
9.508950895089509,0.5317218024832979
9.50995099509951,0.7789866184642988
9.510951095109512,0.13564309740983038
9.511951195119511,0.41060827152490653
9.512951295129513,0.8111379952328369
9.513951395139514,0.5660802782786889
9.514951495149514,0.6582530665895252
9.515951595159516,0.34812862930939664
9.516951695169517,0.9878082972928008
9.517951795179519,0.8570979950578385
9.518951895189518,0.5796202715575302
9.51995199519952,0.539591522116897
9.520952095209521,0.8272331215158616
9.521952195219521,1.0185961202011145
9.522952295229523,0.8136521347231639
9.523952395239524,1.0580669897110344
9.524952495249526,0.440050928737053
9.525952595259525,0.4614669783311054
9.526952695269527,0.38838772772586994
9.527952795279528,0.715368190197285
9.528952895289528,0.6629854257222604
9.52995299529953,0.5983317371958119
9.530953095309531,0.7914395678806162
9.531953195319533,0.8769281210308049
9.532953295329532,0.3262131958817077
9.533953395339534,0.5128433121031298
9.534953495349535,0.7971672803365613
9.535953595359535,0.5405005136586536
9.536953695369537,0.47532560988362066
9.537953795379538,0.839601811441294
9.53895389538954,0.378930778482956
9.53995399539954,0.577460302377927
9.54095409540954,0.7044595843274069
9.541954195419542,0.524930393562349
9.542954295429544,0.7972982243909935
9.543954395439544,0.5278735718670928
9.544954495449545,0.9243639328830884
9.545954595459547,0.6184910717299545
9.546954695469546,0.7789039210129247
9.547954795479548,0.7948735472564141
9.54895489548955,0.5211889542571941
9.54995499549955,0.23703721246443427
9.55095509550955,0.7209326433162699
9.551955195519552,0.6642955678163
9.552955295529554,0.7620689782198098
9.553955395539553,0.6066736527943333
9.554955495549555,0.5669785137351987
9.555955595559556,1.0558531244361054
9.556955695569558,0.3607917715169944
9.557955795579558,0.8031663636720526
9.558955895589559,0.542579232357128
9.55995599559956,0.5914768969143227
9.56095609560956,0.5963547789927331
9.561956195619562,0.5002409518380282
9.562956295629563,0.7763348729851086
9.563956395639565,0.9413907639111183
9.564956495649565,0.7584466061215284
9.565956595659566,0.6863119429144642
9.566956695669568,0.46954897901030523
9.567956795679567,0.7714135566470909
9.568956895689569,1.1005397675336075
9.56995699569957,0.5943621901689493
9.570957095709572,0.5965456312330588
9.571957195719571,0.5607757333356707
9.572957295729573,0.5763719265471279
9.573957395739574,0.12646609875696635
9.574957495749574,0.7578143648956005
9.575957595759576,0.508988192339072
9.576957695769577,0.3573474242612136
9.577957795779579,0.8313495571757586
9.578957895789578,0.4656296459092498
9.57995799579958,0.615631161387175
9.580958095809581,0.9779953696836636
9.581958195819581,0.40421581703336784
9.582958295829583,0.38090159609076785
9.583958395839584,0.7426549431369949
9.584958495849586,0.9200738501366075
9.585958595859585,0.3767009292369865
9.586958695869587,0.7745103517692122
9.587958795879588,0.810585692398718
9.588958895889588,0.28397732765961603
9.58995899589959,0.856943602941814
9.590959095909591,0.8740087036261466
9.591959195919593,0.6377848963827188
9.592959295929592,0.9520760670702351
9.593959395939594,0.9303730017507323
9.594959495949595,0.7251908808754289
9.595959595959595,0.6157739503303048
9.596959695969597,0.5130035129769595
9.597959795979598,0.7015727891418525
9.5989598959896,0.8245640162581774
9.5999599959996,0.6473139479173708
9.6009600960096,0.2741965574788047
9.601960196019602,0.9689973299066101
9.602960296029604,0.7548673446955079
9.603960396039604,0.6424763093850347
9.604960496049605,0.8914217554026252
9.605960596059607,1.026517027521254
9.606960696069606,0.1628165866077922
9.607960796079608,0.8116715841673863
9.60896089608961,0.4411193260756253
9.60996099609961,0.8279119423656791
9.61096109610961,0.7553263106540207
9.611961196119612,0.8585475580912657
9.612961296129614,0.6332244623782499
9.613961396139613,0.36010804098895144
9.614961496149615,0.6463748438818666
9.615961596159616,0.8195207631004237
9.616961696169618,0.9429427847096925
9.617961796179618,0.5072214638986002
9.618961896189619,0.9487335290043841
9.61996199619962,0.6154910118052028
9.62096209620962,0.8193097698232964
9.621962196219622,0.646605614910062
9.622962296229623,0.786793421103144
9.623962396239625,0.9305199798864288
9.624962496249625,0.5085370508408227
9.625962596259626,0.6197643441147828
9.626962696269628,0.7945539292067265
9.627962796279627,1.2397042499398605
9.628962896289629,0.5885858849733566
9.62996299629963,1.1710971032556279
9.630963096309632,1.165811659059224
9.631963196319631,0.7473315980545046
9.632963296329633,0.7090402937546486
9.633963396339634,0.6321448536591334
9.634963496349634,0.7588145873309159
9.635963596359636,0.4930184938508743
9.636963696369637,0.7610319315175671
9.637963796379639,1.0775831920594734
9.638963896389638,0.6579275541669628
9.63996399639964,0.7339471410210809
9.640964096409641,0.44382132596534707
9.641964196419641,0.8608292186896133
9.642964296429643,0.8408904562861202
9.643964396439644,0.8027218235542731
9.644964496449646,0.7486130633618744
9.645964596459645,0.7354338757262455
9.646964696469647,0.896382330676424
9.647964796479648,0.7922655999099099
9.648964896489648,0.8630597154636152
9.64996499649965,0.8451080823431961
9.650965096509651,1.0288528822311047
9.651965196519653,0.9416318493359231
9.652965296529652,0.8468806728032863
9.653965396539654,1.1140776233987089
9.654965496549655,0.8965414438223182
9.655965596559655,1.0755843723708345
9.656965696569657,0.9380939963090374
9.657965796579658,0.4504448091872525
9.65896589658966,1.0819282045560112
9.65996599659966,0.8501385692586942
9.66096609660966,0.8148638430397285
9.661966196619662,0.8836853143818364
9.662966296629664,0.7605891952446138
9.663966396639664,0.8771710805596978
9.664966496649665,0.7155788365114948
9.665966596659667,1.0910064649897888
9.666966696669666,0.8156415372130272
9.667966796679668,0.7640586817411548
9.66896689668967,0.6578156809234608
9.66996699669967,0.8987904582488301
9.67096709670967,0.8847001978615866
9.671967196719672,0.92721615691064
9.672967296729674,0.646342249150157
9.673967396739673,0.5338266720808924
9.674967496749675,0.9814603061943978
9.675967596759676,1.155558355882552
9.676967696769678,0.6556559554800087
9.677967796779678,1.1811203457970885
9.678967896789679,0.9223283760427575
9.67996799679968,0.8664562774578247
9.68096809680968,0.7906903841422067
9.681968196819682,0.5956363071824017
9.682968296829683,1.0724338752970033
9.683968396839685,0.722123584569571
9.684968496849685,0.7236485798038059
9.685968596859686,1.0803685573998907
9.686968696869688,0.50776825734439
9.687968796879687,0.5820352543765588
9.688968896889689,0.885526003389146
9.68996899689969,0.9502158857807286
9.690969096909692,0.990920135717434
9.691969196919691,0.8360357171785817
9.692969296929693,1.4048995076367987
9.693969396939695,0.8556851126410707
9.694969496949694,0.8575522804077604
9.695969596959696,0.7467658423573919
9.696969696969697,0.9334059258817939
9.697969796979699,1.0340858583178965
9.698969896989698,1.1542858761299812
9.6999699969997,0.6181976101482913
9.700970097009701,0.8693470775973638
9.701970197019701,1.0103859734108815
9.702970297029703,1.0409632266366993
9.703970397039704,0.9273752203881322
9.704970497049706,1.0370712900511838
9.705970597059705,0.7693219000697615
9.706970697069707,1.2452310592252702
9.707970797079708,1.1347179348862282
9.708970897089708,0.6697560810776246
9.70997099709971,0.7262772704150363
9.710971097109711,0.734476623016667
9.711971197119713,1.0820248452045678
9.712971297129712,0.6920618936857028
9.713971397139714,0.8853858264334195
9.714971497149715,1.0451214010698178
9.715971597159715,0.9435436768789277
9.716971697169717,1.011157153151183
9.717971797179718,0.748828268352522
9.71897189718972,1.0835751499319308
9.71997199719972,0.8445835944788966
9.72097209720972,0.9049298974365305
9.721972197219722,1.0200341268456146
9.722972297229724,0.9957433915706391
9.723972397239724,0.9825696610272459
9.724972497249725,0.8303000731211078
9.725972597259727,0.9231731317426871
9.726972697269726,0.9861830301016716
9.727972797279728,0.7133982095239894
9.72897289728973,0.8985831776516667
9.72997299729973,1.071305755753674
9.73097309730973,0.7409678857112633
9.731973197319732,1.2304623035431368
9.732973297329734,1.2557646548978396
9.733973397339733,0.7555131004396725
9.734973497349735,1.2787734607811916
9.735973597359736,0.9812445609371782
9.736973697369738,1.0963800811728186
9.737973797379738,0.9160681154195344
9.738973897389739,1.2027332328323492
9.73997399739974,1.1020737164432999
9.74097409740974,0.8607595286060031
9.741974197419742,0.793289586887663
9.742974297429743,0.7370137637556613
9.743974397439745,1.0694112437446333
9.744974497449745,1.149070098527804
9.745974597459746,1.1675260855347527
9.746974697469748,1.0164979857316583
9.747974797479747,0.8114602045732868
9.748974897489749,0.9092137777856253
9.74997499749975,1.2788715714950358
9.750975097509752,0.9542530152677486
9.751975197519752,1.0826428300783126
9.752975297529753,0.841613386901796
9.753975397539755,1.1268477885138495
9.754975497549754,0.9707853907943116
9.755975597559756,1.2744593088344114
9.756975697569757,1.2226260204186254
9.757975797579759,0.9715741635902909
9.758975897589758,1.0481864918518882
9.75997599759976,0.9661029740565066
9.760976097609761,0.7952493970493373
9.761976197619761,0.9104601631048582
9.762976297629763,1.1244074339805985
9.763976397639764,1.1526338022705427
9.764976497649766,1.1201119398971364
9.765976597659765,1.0328786345101135
9.766976697669767,1.282663788949647
9.767976797679768,1.1115863140242934
9.768976897689768,1.2423583128792075
9.76997699769977,0.7497841894664206
9.770977097709771,0.3228927940103786
9.771977197719773,1.1669659430177604
9.772977297729772,0.8280924690512559
9.773977397739774,1.0733941950036414
9.774977497749775,1.0583056403130184
9.775977597759775,1.4390471626532597
9.776977697769777,1.2044097301991255
9.777977797779778,1.1604268889580442
9.77897789778978,1.297499167476518
9.77997799779978,1.2066473979090178
9.780978097809781,1.0442604187159898
9.781978197819782,1.3529398343281036
9.782978297829784,0.9195442489372857
9.783978397839784,1.2089940342942638
9.784978497849785,0.8376815567101594
9.785978597859787,1.1908357023961669
9.786978697869786,1.1914966710275872
9.787978797879788,1.4910418427740177
9.78897889788979,0.8456083745715061
9.78997899789979,1.0412781150247035
9.79097909790979,1.328844425136754
9.791979197919792,1.2342236717550594
9.792979297929794,1.2060733004770723
9.793979397939793,0.981636906206458
9.794979497949795,1.0575517181231127
9.795979597959796,1.4275744119141087
9.796979697969798,1.1711145725964502
9.797979797979798,1.2593378269077378
9.798979897989799,1.1640768699568667
9.7999799979998,0.9533451485934499
9.8009800980098,1.3795710166366704
9.801980198019802,1.296300947660084
9.802980298029803,1.6596261325812964
9.803980398039805,0.9982254337898269
9.804980498049805,1.3686977838367225
9.805980598059806,0.9447143363133763
9.806980698069808,1.2413307075905284
9.807980798079807,1.4079992053635695
9.808980898089809,0.8011054809255487
9.80998099809981,1.1773786429230884
9.810981098109812,1.1085537353553825
9.811981198119812,1.0836325712008559
9.812981298129813,1.303892607657765
9.813981398139815,1.4538108556467906
9.814981498149814,1.2058390922620672
9.815981598159816,1.2764106183570287
9.816981698169817,1.2609908502158937
9.817981798179819,1.2413027293196084
9.818981898189818,1.0258834829366248
9.81998199819982,1.4682478593846229
9.820982098209821,1.3084017793544178
9.821982198219821,1.3311395003710806
9.822982298229823,1.093658394879622
9.823982398239824,1.1659098726304085
9.824982498249826,1.2253171488890804
9.825982598259825,0.9565053819059615
9.826982698269827,0.9285059748611468
9.827982798279828,1.1487418512790852
9.828982898289828,1.3761701573500074
9.82998299829983,1.143808952718025
9.830983098309831,1.0734415685518797
9.831983198319833,1.1170272961494057
9.832983298329832,1.1916532927996697
9.833983398339834,1.2147027578569312
9.834983498349835,1.7213269265870148
9.835983598359835,1.501890050594114
9.836983698369837,1.498659129350406
9.837983798379838,1.5301537451444518
9.83898389838984,1.0994017373054576
9.83998399839984,1.0574159905742069
9.840984098409841,1.0832325111579506
9.841984198419842,1.5742199954477154
9.842984298429844,1.2005870436266504
9.843984398439844,1.0624551207331088
9.844984498449845,1.2292222858837625
9.845984598459847,1.2703896910865962
9.846984698469846,1.374476716188436
9.847984798479848,1.3736614118754518
9.84898489848985,1.1605060132379201
9.84998499849985,1.46593798451587
9.85098509850985,1.2036261307068097
9.851985198519852,1.302861142727568
9.852985298529854,1.4741161276814325
9.853985398539853,1.2110351569496862
9.854985498549855,1.2281603875887361
9.855985598559856,1.4629885170045824
9.856985698569858,1.1757253965145695
9.857985798579858,1.2729235317402376
9.858985898589859,1.4636329464365452
9.85998599859986,1.7658981331525236
9.86098609860986,1.4787481295032607
9.861986198619862,1.4547751045134285
9.862986298629863,1.4689796217841444
9.863986398639865,1.1507455232939205
9.864986498649865,1.3910592090478067
9.865986598659866,1.3645347472932576
9.866986698669868,1.4373449275048396
9.867986798679867,1.3988612856775695
9.868986898689869,1.4540228382512714
9.86998699869987,1.3183041538525628
9.870987098709872,1.394825419596094
9.871987198719872,1.1400352102751743
9.872987298729873,1.3241078902872465
9.873987398739875,1.6687355040370668
9.874987498749874,1.456800828150627
9.875987598759876,1.3913161272031966
9.876987698769877,1.7771768644700814
9.877987798779879,1.12822767977176
9.878987898789878,1.1809365139586152
9.87998799879988,1.7477932321979524
9.880988098809881,1.4168567293533052
9.881988198819881,1.361551686575693
9.882988298829883,1.1726212323387377
9.883988398839884,1.5043850985064442
9.884988498849886,1.5261114040307902
9.885988598859885,1.200683872744091
9.886988698869887,1.3938805655161617
9.887988798879888,1.3571749700926021
9.888988898889888,1.47780542923412
9.88998899889989,1.2050811181530579
9.890989098909891,1.6816310211619425
9.891989198919893,1.6167057412831325
9.892989298929892,1.3631943132026718
9.893989398939894,1.394823002345032
9.894989498949895,1.4130884087574114
9.895989598959895,1.286965891674976
9.896989698969897,1.356185046554585
9.897989798979898,1.39304864443031
9.8989898989899,1.771896535327528
9.8999899989999,1.6408549173967468
9.900990099009901,1.6406587391852614
9.901990199019902,1.5298975061253965
9.902990299029904,1.2346195080033047
9.903990399039904,1.4519470525042475
9.904990499049905,1.6564910635169114
9.905990599059907,1.2128761758963131
9.906990699069906,1.5939630030600993
9.907990799079908,1.9332848944203271
9.90899089908991,1.6832243923335217
9.90999099909991,1.7557521287173266
9.91099109910991,1.5186864137824938
9.911991199119912,1.6706644383812947
9.912991299129914,1.3355537130741024
9.913991399139913,1.6403302479662711
9.914991499149915,1.6140549642756645
9.915991599159916,1.54316604715134
9.916991699169918,1.750378294916501
9.917991799179918,1.381399266951163
9.918991899189919,1.4537104812038708
9.91999199919992,1.5121663710355255
9.92099209920992,1.2890898773064474
9.921992199219922,1.542322602103457
9.922992299229923,1.1550602085540174
9.923992399239925,1.7101331151028494
9.924992499249925,1.511951341532391
9.925992599259926,1.4003125944030745
9.926992699269928,1.3394693110643787
9.927992799279927,1.4612665421103526
9.928992899289929,1.647657966055599
9.92999299929993,1.6213627624499265
9.930993099309932,1.3725014929586272
9.931993199319932,1.3461803428901697
9.932993299329933,1.6485321997566198
9.933993399339935,1.374432051920312
9.934993499349934,1.5326173628979858
9.935993599359936,1.5471049207494232
9.936993699369937,1.5864696201373258
9.937993799379939,1.6973990076520944
9.938993899389938,1.2748244976684506
9.93999399939994,1.146841728783841
9.940994099409941,1.4172249019612273
9.941994199419941,1.8926449703785668
9.942994299429943,1.9383831167791363
9.943994399439944,1.9017767207358365
9.944994499449946,1.4985219178717224
9.945994599459945,1.1822558862630117
9.946994699469947,1.0716155199657424
9.947994799479948,1.4189437854622033
9.948994899489948,1.5036483229769704
9.94999499949995,1.8048832286139571
9.950995099509951,1.7197977227584738
9.951995199519953,1.5931794275290103
9.952995299529952,1.3711744527351535
9.953995399539954,1.3584156211582066
9.954995499549955,1.6028082436802964
9.955995599559955,1.69278704046077
9.956995699569957,1.6331301184429576
9.957995799579958,1.3491940966713378
9.95899589958996,1.6875897571929077
9.95999599959996,1.6439636074104704
9.960996099609961,1.3459558750224125
9.961996199619962,1.4045151847198114
9.962996299629964,1.700351197533302
9.963996399639964,1.5170054423692163
9.964996499649965,1.8829736015999847
9.965996599659967,1.6665893561674427
9.966996699669966,1.470238714070705
9.967996799679968,1.5667072972792333
9.96899689968997,1.5825905008131913
9.96999699969997,1.42538302879525
9.97099709970997,1.3896725107157746
9.971997199719972,1.7135789038642895
9.972997299729974,1.7434480017762777
9.973997399739973,1.6962236233105223
9.974997499749975,1.8795864329005958
9.975997599759976,1.4692050774992418
9.976997699769978,1.9134321436298407
9.977997799779978,1.3993933170818862
9.978997899789979,1.3780211933738227
9.97999799979998,1.2295284405683968
9.98099809980998,1.4933041423049804
9.981998199819982,1.4826427349342144
9.982998299829983,1.6894795973891759
9.983998399839985,1.6339561437775618
9.984998499849985,1.3474499043321932
9.985998599859986,1.508346697416004
9.986998699869988,1.5134275860751754
9.987998799879987,1.2333322004940597
9.988998899889989,1.393128514890874
9.98999899989999,1.4359248324412368
9.990999099909992,1.8775626863543624
9.991999199919992,1.6298583133011362
9.992999299929993,1.7247127114986567
9.993999399939995,1.2932428943975998
9.994999499949994,1.8324841063615456
9.995999599959996,1.854512962060786
9.996999699969997,1.1952549611049594
9.997999799979999,1.4544720224891676
9.998999899989998,1.6952798452224902
10.0,1.7255756789020857
